English,German
barman,['barkeeper']
expressive,['ausdrucksstark']
astounding,['verblüffend']
theory,"['theorie', 'theoretisch']"
steaming,['dämpfen']
denounce,['anprangern']
snowboarding,"['snowboarden', 'snowboard', 'skigebiete']"
feed,"['füttern', 'futter', 'futtermittel']"
messiah,['messias']
coldest,['kälteste']
loathing,"['abscheu', 'verachtung']"
tummy,['bauch']
gold,['goldene']
penance,['buße']
etcetera,"['usw', 'etc']"
bivalve,['muscheln']
carcinoma,['karzinom']
telephony,['telefonie']
seeding,['aussaat']
dreamer,['träumer']
maintains,"['behält', 'unterhält']"
sluice,['schleuse']
counterterrorism,['terrorismusbekämpfung']
counteracts,['entgegenwirkt']
individualism,"['individualität', 'individualismus']"
manage,"['handhaben', 'verwalten']"
draughtsman,['zeichner']
confrontation,"['konfrontation', 'auseinandersetzung']"
maldives,['malediven']
lessor,['vermieter']
season,"['spielzeit', 'staffel', 'jahreszeit', 'saison']"
avert,"['abzuwenden', 'abwehren', 'abwenden']"
cooperation,"['mitarbeit', 'zusammenarbeit', 'kooperationen', 'kooperation', 'entwicklungszusammenarbeit']"
sparkling,"['schaumwein', 'kohlensäure', 'sekt']"
office,"['niederlassung', 'geschäftsstelle', 'amt', 'büros', 'büro']"
duck,"['enten', 'ente']"
terrorism,"['terrorismus', 'terrorismusbekämpfung']"
favorite,"['lieblings', 'favoriten', 'favorit']"
like,"['mögen', 'gefällt', 'wie']"
marijuana,['marihuana']
warship,"['kriegsschiffe', 'kriegsschiff']"
find,"['findet', 'finden', 'finde', 'suchen']"
escort,"['begleiten', 'eskorte', 'begleiter', 'begleitung']"
quieter,"['leiser', 'ruhiger']"
prophecy,['prophezeiung']
plea,"['gesuch', 'plädoyer']"
calculation,"['kalkulation', 'berechnung', 'berechnungen']"
clearcutting,['kahlschlag']
baseball,['baseballspieler']
greener,"['grüner', 'umweltfreundlicher']"
exhibitor,['aussteller']
hiker,['wanderer']
blueprint,['entwurf']
butane,['butan']
coalition,"['bündnis', 'koalition']"
rein,['zügel']
vocabulary,"['wörterbuch', 'vokabular', 'wortschatz']"
sparrowhawk,['sperber']
gallery,"['galerie', 'bildergalerie', 'galerien']"
jar,['glas']
synchronization,"['synchronisierung', 'synchronisieren', 'abgleich', 'synchronisation']"
stillness,['stille']
jewelry,['schmuck']
convertible,"['cabriolet', 'cabrio']"
insurgent,['aufständischen']
enjoy,"['genießen', 'genieße', 'geniessen']"
inspector,"['prüfer', 'inspektor', 'kommissar', 'inspektoren']"
discontent,['unzufriedenheit']
stamen,['staubblatt']
oversteer,['übersteuern']
traffic,"['verkehrs', 'verkehr', 'datenverkehr']"
participatory,"['partizipativen', 'partizipation']"
expatriate,['auswanderer']
migratory,"['wanderungsbewegungen', 'wandernden']"
symptom,['symptome']
praiseworthy,['lobenswert']
reunite,['wiedervereinigung']
windshield,['windschutzscheibe']
told,"['sagte', 'erzählt', 'erzählte', 'gesagt']"
dissemination,['verbreitung']
prank,"['scherz', 'streich']"
working,"['arbeiten', 'arbeitszeit']"
longbow,['langbogen']
teach,"['lehren', 'unterrichten']"
solicitor,['rechtsanwalt']
smallest,"['geringste', 'kleinste', 'kleinsten']"
diffraction,['beugung']
intensifying,"['intensivieren', 'intensivierung']"
hillclimb,['bergrennen']
beast,"['biest', 'tier', 'bestie', 'ungeheuer']"
mayfly,['eintagsfliege']
nonetheless,"['dennoch', 'nichtsdestotrotz', 'trotzdem']"
turn,"['drehen', 'wende']"
afforestation,['aufforstung']
sock,['socke']
bearer,['überbringer']
flimsy,['fadenscheinigen']
hell,"['teufel', 'hölle']"
pointer,"['zeiger', 'mauszeiger']"
euphrates,['euphrat']
dowry,['mitgift']
method,"['methode', 'verfahren']"
sore,"['wunden', 'wund', 'wunde']"
isotope,['isotop']
impetus,"['impuls', 'impulse']"
differential,['differenz']
academician,['akademiemitglied']
sound,"['geräusche', 'ton', 'klang', 'geräusch']"
escaped,"['geflüchtet', 'abgehauen', 'entkam', 'entkommen', 'geflohen']"
insignia,['abzeichen']
weaponry,"['bewaffnung', 'waffen']"
swordfish,['schwertfisch']
dietary,"['nahrung', 'ernährung']"
clot,['klumpen']
cologne,['köln']
lazy,"['faule', 'fauler', 'träge', 'faul', 'faulen']"
nutrition,"['nahrung', 'tierernährung', 'ernährung']"
fatalism,['fatalismus']
pink,['rosa']
simplify,"['vereinfachung', 'vereinfachen', 'vereinfacht']"
intention,['absicht']
tantric,['tantrischen']
residue,"['rückstände', 'rückständen', 'rückstand']"
hearing,"['anhörung', 'hören', 'gehör']"
determinant,"['determinante', 'determinanten']"
inhumanity,['unmenschlichkeit']
heater,['heizung']
fixing,"['fixieren', 'festsetzung', 'befestigung', 'fixierung', 'reparieren']"
restriction,"['begrenzung', 'beschränkung', 'einschränkungen', 'einschränkung', 'beschränkungen']"
honour,"['ehren', 'ehre', 'ehrung']"
impregnation,['imprägnierung']
repairing,"['reparaturen', 'reparieren', 'reparatur']"
commandant,"['befehlshaber', 'kommandant', 'kommandanten']"
terry,['jutta']
antisemite,['antisemit']
impedance,['impedanz']
parenthood,['elternschaft']
theophylline,['theophyllin']
concept,"['konzeption', 'konzept', 'begriff']"
lecture,"['vortrag', 'vorlesung', 'vorträge']"
slogan,"['schlagwort', 'motto']"
condemnation,"['verurteilung', 'verurteilen']"
fisherman,"['fischer', 'angler']"
assembling,"['montage', 'montieren', 'zusammenbau']"
ambivalence,['ambivalenz']
scripting,['skripten']
ebb,['ebbe']
bible,['bibel']
heraldic,['heraldischen']
antisemitism,['antisemitismus']
truffle,['trüffel']
threonine,['threonin']
midday,"['mittag', 'mittags']"
palatine,['pfälzische']
veil,['schleier']
naivety,['naivität']
circulates,['zirkuliert']
penultimate,"['vorletzte', 'vorletzten']"
seducer,['verführer']
liberalisation,['liberalisierung']
preach,"['predigen', 'predigten', 'predigt']"
continuation,"['fortführung', 'weiterführung', 'fortsetzung', 'anhalten']"
refreshing,['erfrischend']
tailoring,['schneiderei']
iodine,['jod']
touch,"['berührung', 'anfassen', 'berühren']"
buckshot,['schrot']
rarest,['seltensten']
amide,['amid']
accompaniment,['begleitung']
anglerfish,['seeteufel']
windy,['windig']
her,"['ihr', 'ihre']"
benign,"['gutartige', 'harmlos']"
photophores,['leuchtorgane']
hatchet,['beil']
turbidity,['trübung']
conglomerate,['konglomerat']
bursting,['platzen']
garrison,['garnison']
decoration,"['dekoration', 'dekorationen']"
dust,"['stäube', 'staub']"
earl,['earls']
compassion,"['erbarmen', 'mitgefühl', 'mitleid']"
litre,['liter']
myopathy,['myopathie']
software,['softwareentwicklung']
centralisation,"['zentralisierung', 'zentralisiert']"
hose,"['schläuche', 'schlauch']"
nazism,['nationalsozialismus']
suffix,['endung']
mixing,"['vermischung', 'mischung', 'vermischen', 'mischen']"
building,"['bauwesen', 'baugewerbe', 'bauen', 'gebäude']"
soothing,"['beruhigende', 'beruhigend']"
waiter,"['bedienung', 'kellner', 'ober']"
grandmaster,['großmeister']
widowed,"['verwitwet', 'witwe']"
spray,['sprühen']
forger,['fälscher']
eaten,"['verzehrt', 'gefressen', 'gegessen']"
shrine,"['heiligtum', 'schrein']"
fortification,['befestigung']
compensate,"['kompensieren', 'kompensation']"
hot,"['heiß', 'warm', 'heiss']"
blast,"['sprengen', 'explosion']"
east,"['östlich', 'ostseite', 'ost', 'osten']"
palsy,['lähmung']
volatility,"['fluktuation', 'schwankungen', 'volatilität']"
measurable,"['messbare', 'messbaren', 'messbar']"
yawning,['gähnen']
reprocessing,"['aufbereitung', 'aufarbeitung']"
sick,"['kranke', 'kranken', 'krank', 'kranker']"
lure,"['anlocken', 'lockt', 'köder', 'locken']"
call,"['aufruf', 'anrufen', 'rufen', 'nennen', 'anruf']"
lawful,"['rechtmäßig', 'rechtmäßige']"
blackmailer,['erpresser']
swan,['schwan']
damnation,"['verdammnis', 'verdammen']"
parentage,['abstammung']
recuperation,['erholung']
deposition,"['abscheidung', 'ablagerung']"
tripping,['stolpern']
orbit,['umlaufbahn']
rebirth,['wiedergeburt']
immigrant,"['immigranten', 'einwanderer', 'zuwanderer']"
dilute,"['verdünnung', 'verdünnt', 'verdünnen', 'verwässert', 'verwässern']"
tarragon,['estragon']
duo,['duett']
refuge,"['zufluchtsort', 'zuflucht']"
analogue,"['analogen', 'analoge', 'analoger', 'analog']"
reluctantly,['widerwillig']
deterrence,"['abschreckung', 'abschreckende']"
drift,['treiben']
payable,['fällig']
armed,"['bewaffnete', 'bewaffnet', 'bewaffneten']"
election,"['wahl', 'wahlen']"
catharsis,['katharsis']
mosque,"['moscheen', 'moschee']"
butt,"['hintern', 'arsch']"
smooth,"['glatten', 'glätten', 'sanft', 'glatt']"
unpaid,"['unentgeltlich', 'unbezahlte', 'unbezahlten']"
tenacity,"['hartnäckigkeit', 'zähigkeit']"
sang,"['gesungen', 'sangen']"
courtroom,"['gerichtssaal', 'saal', 'gericht', 'sitzungssaal']"
motorbike,"['motorräder', 'motorrad']"
passage,"['durchgang', 'überfahrt', 'durchfahrt']"
feudal,['feudalen']
megaphone,['megaphon']
barefoot,['barfuß']
european,"['europäische', 'europäisch', 'europäischen', 'europäisches', 'europäischer']"
skating,['eiskunstlauf']
flatness,['ebenheit']
painter,"['maler', 'malerin']"
hypersensitivity,['überempfindlichkeit']
grandfather,"['großvaters', 'opa', 'großvater']"
tolerate,"['toleriert', 'dulden', 'tolerieren']"
combinatorial,['kombinatorische']
snout,['schnauze']
word,"['wortes', 'wort']"
ruin,"['ruine', 'ruinieren', 'verderben']"
holiness,['heiligkeit']
derogation,"['ausnahmeregelung', 'ausnahme', 'ausnahmegenehmigung', 'abweichung']"
insignificance,['bedeutungslosigkeit']
wheelbase,['radstand']
stuck,['geklebt']
pretence,['vorwand']
overthrown,['gestürzt']
carefree,['sorglos']
excess,"['übersteigen', 'überschuss', 'überschreitung']"
hyphenation,['silbentrennung']
institutionalization,['institutionalisierung']
content,"['inhalt', 'inhalten', 'inhalte', 'gehalt']"
chef,"['küchenchef', 'chefkoch', 'köchin', 'koch']"
credibility,"['glaubwürdig', 'glaubwürdigkeit']"
watershed,"['wendepunkt', 'wasserscheide']"
resentment,"['unmut', 'abneigung', 'groll']"
climatologist,['klimatologe']
puppy,"['welpen', 'welpe', 'hündchen']"
inland,"['binnenschifffahrt', 'landesinneren', 'binnenschiffahrt']"
azimuth,['azimut']
stamp,"['stempel', 'briefmarke', 'briefmarken']"
marital,['familienstand']
depict,"['darstellen', 'abbilden']"
cutlery,['besteck']
forest,"['wald', 'forstwirtschaft', 'forst', 'wälder']"
headgear,['kopfbedeckungen']
arachnologist,['arachnologe']
metropolis,"['großstadt', 'metropole', 'metropolen']"
infestation,"['verseuchung', 'befall']"
westward,['westen']
rage,"['wütend', 'zorn', 'wut']"
defenseless,"['schutzlos', 'wehrlos']"
classy,"['stilvoll', 'fesch']"
save,"['speichern', 'sparen', 'retten', 'speichere']"
determinism,['determinismus']
estuary,['mündung']
receives,"['empfängt', 'erhält']"
sponge,['schwamm']
tonsure,['tonsur']
solidity,['festigkeit']
humidity,"['feuchtigkeit', 'feuchte', 'luftfeuchtigkeit']"
seaplane,['wasserflugzeug']
anchoring,"['verankern', 'verankerung']"
iconography,['ikonographie']
motherhood,['mutterschaft']
propene,['propen']
gravitation,['schwerkraft']
volcano,"['vulkan', 'vulkane', 'vulkans']"
spacesuit,['raumanzug']
dishwasher,['geschirrspüler']
namespace,['namensraum']
trace,"['spur', 'spuren']"
dilation,['dilatation']
extravagant,['extravagante']
declination,['deklination']
waterline,['wasserlinie']
illicit,"['illegalen', 'illegale', 'illegaler', 'unerlaubte']"
hired,"['angeheuert', 'eingestellt', 'engagiert']"
reversal,"['umkehren', 'umkehrung', 'umkehr']"
grassland,"['weideland', 'grünland', 'wiesen']"
quest,"['streben', 'suche']"
steelworks,"['stahlwerk', 'stahlindustrie', 'stahlwerke']"
forecourt,['vorplatz']
resign,['zurücktreten']
modular,"['modularen', 'modulare']"
chest,"['kommode', 'brust', 'brustkorb', 'truhe']"
brevity,['kürze']
sip,['schluck']
simplifies,['vereinfacht']
acetylene,['acetylen']
manor,"['herrenhaus', 'anwesen']"
governance,"['regierungsführung', 'unternehmensführung', 'steuerung']"
salinity,['salzgehalt']
plc,['sps']
keyboard,"['tastatur', 'tastaturen']"
salvadoran,['salvadorianischen']
renovation,"['instandsetzung', 'restaurierung', 'sanierung', 'renovierung']"
entering,"['betreten', 'eingabe']"
indifference,['gleichgültigkeit']
rationality,"['rationalität', 'vernunft']"
crossing,"['kreuzung', 'überqueren', 'überfahrt', 'durchqueren', 'überschreiten']"
frenchman,"['franzosen', 'franzose']"
meltwater,['schmelzwasser']
adjournment,"['vertagung', 'unterbrechung']"
barrel,"['fass', 'fässer', 'lauf', 'zylinder']"
fauna,"['tierwelt', 'tiere']"
exarchate,['exarchat']
lighter,"['leichter', 'feuerzeug']"
lenient,['nachsichtig']
reorganization,"['umgestaltung', 'umstrukturierung', 'neuorganisation', 'reorganisation']"
debit,['belasten']
anthocyanins,['anthocyane']
transcript,"['protokoll', 'abschrift', 'niederschrift']"
serve,"['aufschlag', 'servieren', 'dienen']"
composure,['gelassenheit']
israelite,['israelitische']
withheld,"['einbehalten', 'zurückgehalten', 'vorenthalten']"
distinguishes,"['unterscheidet', 'auszeichnet']"
peppermint,['minze']
exploding,"['explodierenden', 'explodieren', 'explodiert']"
shot,"['schoss', 'geschossen', 'erschossen', 'schuss']"
inability,"['unmöglichkeit', 'unvermögen', 'unfähigkeit', 'unfähig']"
glow,"['leuchten', 'schein', 'glühen']"
edict,"['edikt', 'erlaß', 'erlass']"
harpist,['harfenistin']
hour,"['uhrzeit', 'stunden', 'stunde']"
intervening,"['einschreiten', 'intervenieren', 'eingreifen']"
sphere,"['sphäre', 'kugel']"
lakeshore,['seeufer']
deadlock,['sackgasse']
distilling,['destillation']
thick,"['dicken', 'dick', 'dicker', 'dicke']"
foreword,"['vorwort', 'vorbemerkung']"
maternal,['mütterlicherseits']
contact,"['kontaktaufnahme', 'kontakte', 'kontakt', 'kontaktieren', 'ansprechpartner']"
depends,"['hängt', 'abhängt']"
disbursement,['auszahlung']
ride,"['reiten', 'fahrt']"
promotional,"['verkaufsförderung', 'werbematerial']"
racetrack,"['rennbahn', 'rennstrecke']"
augustine,['augustin']
treat,"['behandeln', 'gönnen']"
immature,"['kindisch', 'unreif']"
announces,"['kündigt', 'verkündet']"
silver,"['silber', 'silberne']"
rail,"['eisenbahn', 'schiene', 'schienenverkehr', 'eisenbahnverkehr']"
uniting,['vereinigen']
stratification,['schichtung']
evidence,"['beweismittel', 'hinweise', 'nachweise', 'nachweis', 'beweise']"
long,"['lang', 'langen', 'lange', 'langer']"
never,"['niemals', 'nie']"
mountaineering,['bergsteigen']
ringing,"['läuten', 'klingeln']"
flew,"['geflogen', 'flog', 'flogen']"
greywacke,['grauwacke']
covenant,"['pakt', 'verpflichtung', 'bund', 'vertrag']"
denture,['prothese']
inefficiency,['ineffizienz']
commemoration,"['gedenken', 'gedenkfeier']"
whore,"['nutte', 'hure']"
superheroes,['superhelden']
proximity,"['bürgernähe', 'nähe']"
prelature,['prälatur']
immense,"['immensen', 'enorm', 'immens']"
nunnery,['nonnenkloster']
trainset,['triebzug']
excellency,['exzellenz']
kinsman,['verwandter']
thirteen,['dreizehn']
clarifying,"['klarstellung', 'klärung']"
broke,"['brach', 'gebrochen', 'kaputt', 'pleite']"
blasphemy,['blasphemie']
cooperates,['kooperiert']
illegal,"['illegalen', 'illegales', 'illegale']"
ether,['äther']
beating,"['prügeln', 'prügel', 'schlagen']"
complies,['entspricht']
jamming,['stören']
theology,"['theologische', 'theologie']"
insistence,"['beharren', 'beharrlichkeit', 'nachdruck']"
noodle,"['nudel', 'nudeln']"
backdoor,['hintertür']
wanders,['wandert']
moderation,"['gemäßigte', 'maßen', 'mäßigung']"
lend,"['leih', 'leihen']"
query,"['abfragen', 'anfrage', 'abfrage']"
promoter,"['veranstalter', 'projektträger']"
exceeds,"['überschreitet', 'übersteigt']"
guarantee,"['bürgschaft', 'gewährleistung', 'garantie']"
molasses,"['melasse', 'sirup']"
insolvency,"['insolvenzverfahren', 'zahlungsunfähigkeit', 'insolvenz']"
relocate,['verlagern']
winner,"['sieger', 'preisträger', 'gewinner', 'gewinnerin']"
lied,"['belogen', 'gelogen', 'log']"
conditioning,['konditionierung']
greatest,"['größte', 'größten']"
kink,['knick']
comparison,"['vergleich', 'vergleichs', 'vergleiche', 'vergleichen']"
cert,['zertifikat']
yeast,"['hefen', 'hefe']"
filament,"['glühlampen', 'glühlampe', 'filamenten']"
peaceful,"['friedlichen', 'friedliche', 'friedlich']"
set,"['festgelegt', 'setzen', 'satz', 'gesetzt', 'einstellen']"
wheelchair,"['rollstuhlfahrer', 'rollstuhl']"
enclosure,['gehäuse']
simplest,"['einfachsten', 'einfachste']"
bacteriologist,['bakteriologe']
tough,"['schwer', 'hart', 'schwierig', 'harte']"
impact,"['auswirkung', 'wirkung', 'auswirkungen', 'einfluss']"
concordance,['übereinstimmung']
abbey,"['kloster', 'abtei']"
stave,['stabkirche']
while,"['während', 'weile']"
fedayeen,['fedajin']
veganism,['veganismus']
snack,['imbiss']
cognitive,"['kognitiven', 'kognitive']"
bilingualism,['zweisprachigkeit']
sadism,['sadismus']
apex,['spitze']
velvet,['samt']
resonance,['resonanz']
overarching,"['übergreifenden', 'übergreifende']"
agronomy,['agronomie']
antithesis,['antithese']
anvil,['amboss']
wood,"['wald', 'holzindustrie', 'holz', 'holzbearbeitung']"
alert,"['alarm', 'ausschreibung', 'wachsam', 'warnung']"
constitute,['darstellen']
sarcophagus,['sarkophag']
diving,"['tauchen', 'taucher']"
talisman,['glücksbringer']
ghost,"['geist', 'geister', 'gespenst']"
dish,"['schüssel', 'schale', 'gericht', 'speise']"
glue,"['klebstoff', 'leim', 'kleber']"
virtualization,['virtualisierung']
lender,['kreditgeber']
hangout,['treff']
absinthe,['absinth']
humanist,['humanistischen']
caramel,['karamell']
opposing,['gegensätzliche']
telepathy,['telepathie']
pandemic,['pandemie']
stratovolcano,['schichtvulkan']
stomach,"['bauch', 'magen']"
storming,['stürmen']
utilization,"['verwendung', 'ausnutzung', 'nutzung', 'verwertung', 'auslastung']"
resin,"['harze', 'harz']"
crowd,"['menschenmenge', 'publikum', 'menge']"
resolve,"['auflösen', 'lösen', 'beheben', 'entschlossenheit']"
hedging,['absicherung']
enroll,['einschreiben']
intoxicating,['berauschend']
philologist,['philologe']
design,"['entwurf', 'gestaltung', 'konstruktion', 'planung']"
mandible,['unterkiefer']
pipe,"['rohre', 'pfeife', 'röhre', 'rohr']"
clown,['clowns']
hound,['hund']
bracket,"['klammer', 'halterung']"
hostess,['gastgeberin']
compact,"['kompakte', 'kompakt', 'kompakter', 'komprimieren']"
zone,"['gebiet', 'zonen']"
seer,['seher']
landless,['landlosen']
replacement,"['ersetzung', 'ersatz', 'ersetzen']"
prefers,"['bevorzuge', 'bevorzugt', 'bevorzugen']"
insert,"['einfügen', 'fügen']"
uncertainty,"['unsicherheiten', 'unsicherheit', 'verunsicherung', 'ungewissheit']"
alone,"['allein', 'alleine']"
lactation,['stillzeit']
misstep,['fehltritt']
soldier,"['soldaten', 'soldat']"
fertiliser,"['düngemittel', 'dünger']"
sloppiness,['schlamperei']
send,"['schicken', 'senden', 'schick', 'versenden', 'abschicken']"
ocelot,['ozelot']
theatre,['theater']
motorsports,['motorsport']
wholesale,"['großhandel', 'großhändler']"
cab,"['taxi', 'kabine']"
cashier,"['kassierer', 'kasse']"
fillet,['filet']
refectory,['refektorium']
caress,['streicheln']
parliamentary,"['parlamentarischer', 'parlamentarische', 'parlamentarischen']"
anaesthetic,"['narkose', 'anästhesie']"
triangular,['dreieckige']
rudder,['ruder']
desperation,['verzweiflung']
vengeance,"['rächen', 'vergeltung', 'rache']"
tallest,"['größte', 'höchstes', 'höchste', 'höchsten']"
screwdriver,['schraubenzieher']
stringent,"['streng', 'strikte', 'strengen', 'strenge']"
measure,"['maßnahme', 'messen', 'maß', 'massnahme']"
cousin,"['vetter', 'cousine']"
relentless,"['unaufhaltsam', 'gnadenlos', 'unermüdlich', 'unerbittlich']"
attend,['teilnehmen']
screenplay,['drehbuch']
trombone,['posaune']
dedicate,"['widmen', 'widme']"
contrast,"['gegensatz', 'kontrast']"
valuable,"['wertvoller', 'wertvolle', 'wertvollen', 'wertvoll']"
palm,"['palme', 'palmöl', 'hand', 'palmen']"
faulty,"['fehlerhafte', 'defekt', 'fehlerhaft']"
meteorite,"['meteoriten', 'meteorit']"
relic,"['reliquien', 'relikt']"
will,"['werden', 'wird', 'wille', 'werde']"
base,"['grundlage', 'stützpunkt', 'basis']"
crankcase,['kurbelgehäuse']
displace,['verdrängen']
still,"['noch', 'trotzdem']"
resident,"['ansässig', 'wohnsitz', 'wohnhaft']"
shorthair,['kurzhaar']
valhalla,['walhalla']
oslo,['norwegen']
dehydration,"['trocknung', 'dehydrierung']"
pic,"['plc', 'bild']"
acrylic,['acryl']
penetration,"['vordringen', 'eindringen', 'durchdringen', 'durchdringung']"
stink,"['gestank', 'stinken', 'stinkt']"
steward,['verwalter']
wife,"['ehefrau', 'frau', 'gemahlin', 'weib']"
icon,"['ikone', 'symbol']"
collect,"['abholen', 'sammeln', 'einsammeln']"
adaptation,['anpassung']
rickets,['rachitis']
hoverflies,['schwebfliegen']
walnut,['walnuss']
argentina,['argentinien']
filesystems,['dateisysteme']
cathedral,"['dom', 'kathedrale']"
handel,['händel']
chirality,['chiralität']
updating,"['aktualisierung', 'aktualisierungen', 'aktualisieren']"
kite,"['drachen', 'kitesurfen']"
piano,"['klavier', 'flügel']"
intentional,"['vorsätzliche', 'absichtliche', 'absichtlich', 'vorsätzlich', 'absicht']"
administration,['verwaltung']
patenting,"['patentieren', 'patentierung', 'patentanmeldungen']"
roller,['walzen']
papilla,['papille']
redundancy,"['redundanz', 'entlassung', 'entlassungen']"
smell,"['geruch', 'rieche', 'riechen', 'duft']"
defendant,"['beklagte', 'beklagten', 'angeklagte']"
matching,"['passender', 'abgleich', 'passenden']"
superiority,['überlegenheit']
proconsul,['prokonsul']
bold,"['frech', 'fett', 'mutige', 'kühn']"
extension,"['ausweitung', 'verlängerung', 'ausdehnung', 'ausbau', 'erweiterung']"
doctor,"['arzt', 'doktor', 'ärztin']"
unwell,['unwohl']
sensation,"['empfindungen', 'gefühl', 'empfindung']"
temptation,"['versuchung', 'versuchungen', 'verführung']"
theirs,['deren']
piety,"['gottesfurcht', 'frömmigkeit']"
incorrect,"['unzutreffend', 'falsch', 'falsche', 'fehlerhaft']"
chip,"['chipkarten', 'chips']"
advantage,['vorteil']
nostalgia,"['sehnsucht', 'nostalgie']"
chipset,['chipsatz']
rat,"['ratten', 'ratte']"
dreaming,"['geträumt', 'träumt', 'träume', 'träumen']"
streetcar,['straßenbahn']
communicating,"['kommunizieren', 'kommunikation', 'vermitteln']"
corporates,"['firmen', 'firmenkunden']"
fewer,['weniger']
shareholder,"['aktionär', 'gesellschafter', 'anteilseigner', 'aktionäre']"
afterburner,['nachbrenner']
hangover,['kater']
unfairness,"['ungerechtigkeit', 'ungerechtigkeiten']"
headquarter,"['hauptsitz', 'sitz', 'zentrale', 'firmensitz']"
spokesman,"['sprechers', 'sprecher']"
derogatory,['abfällige']
requesting,['anfordern']
yearling,['jährling']
forgetting,"['vergessen', 'vergesse', 'vergisst']"
posturing,['getue']
affirmation,['bekräftigung']
bottomless,['bodenlose']
bravery,"['mut', 'tapferkeit']"
boatman,['bootsmann']
susceptible,"['empfänglich', 'anfällig']"
being,['wesen']
adulthood,['erwachsenenalter']
aegis,['schirmherrschaft']
republic,['republik']
guardrail,['leitplanke']
cloud,"['wolken', 'wolke']"
helm,"['steuer', 'steuermann', 'ruder']"
barberry,['berberitze']
salvation,"['heil', 'rettung', 'erlösung']"
enclave,['enklave']
autism,['autismus']
bonfire,"['lagerfeuer', 'feuer', 'fegefeuer']"
tutoring,['nachhilfe']
dismantling,"['zerlegung', 'demontage', 'abbau']"
navel,['nabel']
flesh,['fleisch']
truck,"['lkw', 'lastwagen', 'lastkraftwagen']"
undertone,['unterton']
preference,"['vorlieben', 'bevorzugt', 'präferenz', 'präferenzen', 'vorzug']"
seating,"['sitzplatz', 'sitze', 'sitzplätze']"
eardrum,['trommelfell']
councilwoman,['stadträtin']
incoming,"['eingehenden', 'eingang', 'eingehender', 'eingehende']"
commuting,"['pendelverkehr', 'pendeln', 'pendler']"
declaring,"['erklären', 'erklärend', 'deklaration']"
interest,"['zinssatz', 'zinsen', 'interessen', 'zins', 'interesse']"
blister,['blase']
investment,"['kapitalanlagen', 'investition', 'investitionen', 'investitionskosten']"
tangent,['tangente']
distress,"['not', 'notlage']"
trusting,['vertrauensvoll']
stuffed,"['gefüllt', 'gestopft', 'gefüllte']"
charioteer,['wagenlenker']
protection,"['schutzmaßnahmen', 'schutz']"
length,"['längen', 'dauer', 'länge']"
reopening,"['wiederaufnahme', 'wiedereröffnung']"
sulphate,['sulfat']
blogosphere,['blogosphäre']
culture,['kultur']
nurse,"['krankenpfleger', 'krankenschwester', 'pfleger', 'krankenschwestern', 'schwester']"
intercooler,['ladeluftkühler']
line,"['linien', 'zeile', 'linie', 'strecke']"
fresco,"['fresken', 'fresko']"
manufacturer,['hersteller']
shrunk,['geschrumpft']
parenchyma,['parenchym']
warrant,"['beschluss', 'vollmacht', 'haftbefehl']"
rice,['reis']
stage,"['stufe', 'bühnen', 'bühne', 'etappe']"
trolley,['straßenbahn']
savagery,"['barbarei', 'grausamkeit']"
chamois,['gämsen']
turkey,['türkei']
intelligent,"['intelligente', 'intelligenten', 'intelligenter']"
rediscovery,['wiederentdeckung']
silt,['schlamm']
conscription,"['wehrdienst', 'wehrpflicht', 'einberufung']"
reflector,['reflektor']
silkworm,['seidenraupenzucht']
rig,['plattform']
sleepy,"['verschlafen', 'müde']"
thyme,['thymian']
epitaph,['nachruf']
insulation,"['isolieren', 'isolation', 'isolierung', 'wärmedämmung']"
skier,['skifahrer']
roadmap,"['fahrplan', 'wegweiser']"
unionist,['gewerkschafter']
energy,"['energieversorgung', 'energiewirtschaft', 'energie', 'energieverbrauch']"
silicon,"['silizium', 'silikon', 'silicium']"
repository,"['archiv', 'depot']"
extra,"['zusätzliches', 'zusätzlichen', 'zusätzliche']"
dermatitis,['ekzem']
tectonics,['tektonik']
changer,['wechsler']
wording,"['wortlaut', 'formulierungen', 'formulierung']"
neurosis,['neurose']
woman,"['weib', 'frau']"
vilification,['herabwürdigung']
silica,"['silizium', 'siliciumdioxid']"
wrestling,"['ringer', 'ringen']"
recognize,"['erkenne', 'erkennen', 'anerkennen']"
ethic,['ethik']
bread,"['brot', 'brötchen']"
biosphere,['biosphäre']
affection,['zuneigung']
tutorial,"['anleitung', 'lehrgang', 'schulung']"
jester,['narr']
dealer,"['händler', 'fachhändler']"
requirement,['anforderung']
determine,['bestimmen']
ypres,['ypern']
destroying,['zerstören']
sexist,['sexistisch']
cookie,"['keks', 'plätzchen', 'kekse']"
hunch,['ahnung']
passenger,"['passagier', 'personenverkehr', 'passagiere']"
lanthanum,['lanthan']
biotechnology,['biotechnologie']
harmony,"['harmonie', 'eintracht', 'harmonisch', 'einklang']"
mill,"['mühlen', 'mühle']"
subtle,"['raffiniert', 'subtile']"
thank,"['danke', 'dankeschön', 'danken']"
groomed,"['gepflegt', 'gepflegte']"
erect,['aufrecht']
model,"['vorbild', 'modell']"
degradation,"['erniedrigung', 'verschlechterung', 'abbau']"
crook,['gauner']
diplomat,['diplomaten']
rainier,['rainer']
plain,"['schlicht', 'glatt']"
monotheism,['monotheismus']
segment,['segmente']
thermodynamics,['thermodynamik']
alligator,['krokodil']
hunchback,['bucklige']
diner,['imbiss']
timidity,['schüchternheit']
flour,['mehl']
thicket,['dickicht']
midterm,"['zwischenprüfung', 'halbzeit']"
guise,['deckmantel']
push,"['schieben', 'drücken', 'pressen']"
brow,"['stirn', 'augenbrauen']"
activates,['aktiviert']
palate,['gaumen']
mentality,['mentalität']
polity,['gemeinwesens']
monarchist,['monarchistische']
genuine,"['echte', 'echt', 'echtes', 'echten']"
guarding,"['bewachen', 'bewachung']"
conspiratorial,['konspirativen']
headache,"['kopfschmerzen', 'migräne']"
squeeze,"['abdrücken', 'drücken']"
vegetarianism,['vegetarismus']
sponsorship,"['trägerschaft', 'schirmherrschaft', 'sponsoring', 'sponsoren']"
illiteracy,['analphabetismus']
insurrection,['aufstand']
microeconomics,['mikroökonomie']
characterizes,['charakterisiert']
laundry,"['wäsche', 'waschen', 'waschmaschine', 'wäscherei']"
rhyme,['reim']
hear,"['hört', 'höre', 'hören', 'anhören']"
deserves,['verdient']
majolica,['majolika']
lag,['verzögerung']
slump,['einbruch']
reconcile,"['versöhnung', 'vereinbaren', 'versöhnen']"
hare,"['hase', 'hasen']"
illuminate,"['beleuchten', 'erleuchtung']"
compost,['kompost']
cease,['aufhören']
spring,"['frühling', 'frühjahr', 'frühlings']"
numerator,['zähler']
passionate,"['leidenschaftlichen', 'leidenschaft', 'leidenschaftliche', 'leidenschaftlich', 'leidenschaftlicher']"
cooked,"['zubereitet', 'gekocht']"
associate,"['assoziierte', 'mitarbeiterin', 'verknüpfen']"
fatality,"['todesfall', 'todesopfer']"
taproot,['pfahlwurzel']
flashlight,['taschenlampe']
bridging,"['überbrücken', 'überbrückung']"
congressman,"['abgeordneten', 'abgeordnete', 'kongressabgeordneter', 'abgeordneter']"
temple,"['tempels', 'tempel']"
pronunciation,['aussprache']
incapable,['unfähig']
chromosome,"['chromosomen', 'chromosom']"
flanders,['flandern']
alternating,"['wechselnde', 'abwechselnd', 'alternierende']"
telescopic,['teleskop']
naughty,"['frech', 'unanständig']"
lightcurve,['lichtkurve']
queer,['schwul']
microphone,"['mikro', 'mikrofone', 'mikrofon', 'mikrophon']"
permission,"['berechtigung', 'erlaubnis', 'genehmigung']"
knit,"['stricken', 'strick']"
prefect,['präfekt']
workplace,"['arbeitsstelle', 'arbeitsplatz', 'arbeitsort']"
share,"['teile', 'teilen', 'anteil']"
singularity,"['einzigartigkeit', 'singularität']"
player,['spieler']
sophistry,['sophistik']
anthracite,['anthrazit']
rancid,['ranzig']
override,"['hinwegsetzen', 'überschreiben', 'übergehen']"
murderer,"['mörderin', 'mörder']"
try,"['probieren', 'versuche', 'probiere', 'versuch', 'versuchen']"
series,"['reihe', 'serie', 'zeitreihen', 'baureihe', 'reihen']"
polluting,['schadstoffe']
hosting,"['gastgeber', 'beherbergen']"
zionist,['zionistischen']
advocacy,"['fürsprache', 'fürsprecher', 'lobbyarbeit', 'befürwortung']"
collaborate,"['zusammenarbeiten', 'mitarbeiten', 'kooperieren']"
versatility,"['vielseitig', 'vielseitigkeit']"
concave,['konkav']
impasse,['sackgasse']
gallon,['gallone']
ceramic,"['keramische', 'keramik', 'keramischen']"
politics,"['politik', 'politiker']"
pilgrimage,"['wallfahrt', 'wallfahrtsort', 'pilgerfahrt']"
exempt,['befreit']
hematoma,['hämatom']
femininity,['weiblichkeit']
cute,"['süss', 'süß', 'niedlich', 'süßen', 'süße']"
compartment,"['abteil', 'fach']"
ineffectiveness,"['ineffizienz', 'unwirksamkeit']"
achievement,"['verwirklichung', 'leistung']"
mineral,"['mineralische', 'mineralien', 'mineralwasser', 'mineralstoffe']"
offset,"['ausgleich', 'ausgeglichen', 'aufrechnung', 'ausgleichen', 'kompensieren']"
peacetime,['friedenszeiten']
com,['kom']
discontinuation,['absetzen']
kernel,['kernels']
prune,['pflaume']
achieves,['erzielt']
creon,['kreon']
diversion,"['umleitung', 'ablenkung', 'zerstreuung', 'abzweigung']"
crawlspace,['zwischendecke']
reflex,['reflexe']
medievalist,['mediävist']
footnote,"['fußnote', 'fußnoten']"
meagre,"['mager', 'mageren', 'dürftig']"
electrification,['elektrifizierung']
conditional,"['abhängig', 'bedingung', 'bedingte', 'bedingt', 'voraussetzung']"
life,"['leben', 'lebens']"
reformatory,['besserungsanstalt']
childbirth,"['entbindung', 'geburt']"
consummate,['vollziehen']
snowstorm,['schneesturm']
astroturf,['kunstrasen']
yardstick,['maßstab']
banker,"['bankiers', 'bankier']"
stats,"['statistiken', 'statistik']"
redirects,['weiterleitungen']
slander,['verleumdung']
peacemaker,['friedensstifter']
acetaldehyde,['acetaldehyd']
armoured,['gepanzerte']
colonel,"['oberstleutnant', 'oberst', 'col']"
maya,['maja']
gelatin,['gelatine']
drove,"['fuhr', 'fuhren']"
arresting,"['verhaften', 'festnehmen']"
upholsterer,['polsterer']
hydrate,['hydrat']
nicer,"['schöner', 'schönere', 'netter', 'angenehmer']"
escaping,"['fliehen', 'entkommen', 'flucht']"
ruining,['ruinieren']
modelling,"['modellieren', 'modellierung']"
slavery,['sklaverei']
hive,['bienenstock']
party,"['feiern', 'feier', 'partei']"
trot,['trab']
grouping,"['gruppieren', 'gruppierung']"
correspondent,"['korrespondent', 'korrespondenten']"
breccia,['brekzie']
turbocharger,['turbolader']
columnist,['kolumnist']
amount,"['betrag', 'höhe']"
dump,"['abladen', 'müllhalde']"
aircraft,"['luftfahrzeuge', 'luftfahrzeug', 'flugzeuge', 'flugzeug', 'luftfahrt']"
code,"['kodex', 'vorwahl', 'quelltext']"
lesbian,"['lesben', 'lesbisch', 'lesbe']"
mon,['mo']
canoeist,['kanute']
gallerist,['galerist']
facilitation,"['erleichterungen', 'erleichterung']"
scotsman,"['schotten', 'schotte']"
bolt,"['bolzen', 'schraube']"
footage,"['bildmaterial', 'filmmaterial', 'aufnahmen']"
wedge,['keil']
equatorial,"['äquatorial', 'äquatorialguinea']"
spread,"['verteilen', 'ausbreitung', 'verbreitung']"
delimitation,"['abgrenzungen', 'abgrenzung']"
jurisprudence,"['rechtsprechung', 'rechtswissenschaften', 'rechtswissenschaft']"
stone,"['steine', 'gestein', 'stein']"
obscure,"['obskuren', 'verschleiern']"
aphorism,['aphorismus']
amphibolite,['amphibolit']
nozzle,"['düse', 'düsen']"
soothsayer,['wahrsager']
federalism,['föderalismus']
capability,"['fähigkeit', 'kapazität', 'befähigung', 'leistungsfähigkeit']"
undertaker,['bestatter']
carthage,['karthago']
dysentery,['ruhr']
bromine,['brom']
retribution,"['rächen', 'vergeltung']"
character,"['figur', 'zeichen', 'charakter']"
dental,"['zahnmedizin', 'zahnärzte', 'zahnarzt', 'zahnärztliche']"
nonmetal,['nichtmetalle']
wandering,['umher']
triplicate,['dreifachen']
newsroom,['redaktion']
teamwork,"['teamarbeit', 'teamgeist', 'gruppenarbeit']"
former,"['ehemaligen', 'ehemaliger', 'ehemalige', 'frühere']"
plywood,['sperrholz']
thousand,"['eintausend', 'tausend']"
periphery,"['randlage', 'peripherie', 'randgebiete']"
ibidem,['ebendort']
goddess,['göttin']
trust,"['trauen', 'vertrauen', 'vertraue']"
private,"['privater', 'privat', 'privatleben', 'privaten']"
histology,['histologie']
formatting,"['formatieren', 'formatierung', 'formatiert']"
sidecar,['beiwagen']
grasp,"['begreifen', 'fassen', 'greifen']"
invariance,['invarianz']
latin,"['lateinamerika', 'lateinische', 'lateinisch', 'latein']"
squire,"['knappen', 'knappe']"
vegetable,"['pflanzlichen', 'pflanzliche', 'gemüse']"
cut,"['ausschneiden', 'schnitt', 'schneiden', 'abschneiden']"
operates,"['betreibt', 'operiert']"
legacy,"['erbschaft', 'vermächtnis', 'erbe']"
shoulder,"['schultern', 'schulter']"
australian,"['australische', 'australier', 'australischen']"
goblet,"['pokal', 'becher', 'kelch']"
privacy,"['privatsphäre', 'privatleben', 'datenschutz']"
turret,['turm']
abatement,['minderung']
bomber,['attentäter']
curlew,['brachvogel']
quadrant,['quadranten']
calligraphy,['kalligraphie']
humanism,['humanismus']
dormitory,"['wohnheim', 'schlafsaal']"
maoist,['maoistischen']
deforestation,"['abholzung', 'entwaldung']"
extraction,"['extraktion', 'extrahieren', 'gewinnung']"
case,"['rechtssache', 'fall']"
munich,['münchen']
microscope,['mikroskop']
foyer,"['empfangshalle', 'eingangshalle']"
christchurch,['neuseeland']
eulogy,"['grabrede', 'nachruf']"
reserved,"['vorbehalten', 'reservierten', 'reservierte', 'reserviert']"
delay,"['verspätung', 'verzögert', 'verzögern', 'verzögerungen', 'verzögerung']"
receipt,"['quittung', 'beleg']"
transmittance,['durchlässigkeit']
whisky,['whiskey']
speaking,"['sprechen', 'sprechend', 'spricht']"
electrolyte,['elektrolyt']
permanent,"['permanente', 'dauerhaft', 'ständige', 'ständigen']"
wifi,['wlan']
rot,['verrotten']
canister,['kanister']
yearning,['sehnsucht']
yeshiva,['jeschiwa']
part,"['teilweise', 'teil']"
illegality,['rechtswidrigkeit']
bikers,"['radfahrer', 'biker', 'motorradfahrer']"
momma,['mama']
hurrah,['hurra']
theocracy,['theokratie']
commenting,['kommentieren']
youngest,"['jüngste', 'jüngsten', 'jüngstes', 'jüngster']"
picking,['pflücken']
indirect,"['mittelbar', 'indirekt', 'indirekte', 'indirekter', 'indirekten']"
darkest,['dunkelsten']
costume,"['kostüm', 'kostüme']"
derivative,"['derivat', 'derivate', 'abgeleitete', 'ableitung']"
dentistry,"['zahnmedizin', 'zahnärzte']"
branding,['markenzeichen']
rad,['krass']
fund,"['fonds', 'finanzieren']"
taxation,"['besteuerung', 'steuerwesen', 'steuerrecht', 'steuern']"
coadjutor,['koadjutor']
poetics,['poetik']
announcer,"['kommentator', 'ansager']"
borrow,"['ausleihen', 'leihen']"
lifting,"['anheben', 'aufhebung', 'heben']"
okay,['ok']
tenement,['mietshaus']
answer,"['antworte', 'antworten', 'antwort', 'beantwortung']"
entirety,['gesamtheit']
spent,"['verbracht', 'verbrauchte', 'verbrachte', 'ausgegeben']"
aligns,['richtet']
sunken,['versunkene']
