Korean,German
페니,"['pfennig', 'cent']"
리포터,"['journalist', 'journalistin', 'reporterin']"
재무,"['finanzierung', 'finanzen', 'finanzierungen', 'finanzwesen', 'finanzielle', 'finanziellen', 'finanzdienstleistungen', 'finanziell']"
원본,"['quelle', 'originellen', 'informationsquelle', 'ursprünglichen', 'originell', 'ursprünglich']"
방향,"['wegbeschreibung', 'anreise', 'richtungen', 'anfahrt', 'richtung', 'orientierung', 'ausrichtung']"
관세,"['zollbehörde', 'tarife', 'tarif', 'bräuche', 'zölle', 'zollunion', 'zoll']"
스팀,"['wasserdampf', 'dampf', 'dampfbad']"
왓츠,['watt']
바이트,"['byte', 'bytes']"
브라더스,"['brüder', 'brüdern']"
딜러,"['fachhandel', 'händlern', 'fachhändler', 'händler']"
자전거,"['radtour', 'fahrrädern', 'motorrad', 'fahrräder', 'fahrrad', 'radfahren', 'motorräder']"
전체,"['gesamt', 'gesamtsumme', 'gesamtbetrag', 'alles', 'gesamtzahl', 'insgesamt', 'alle']"
명성,"['ruhm', 'berühmtheit', 'bekanntheit', 'berühmt', 'ruf']"
역행,['rückschritt']
광업,['bergbau']
랭킹,"['weltrangliste', 'rangfolge', 'rangliste', 'reihenfolge', 'einstufung']"
슬픔,"['schmerz', 'betrübt', 'traurige', 'leid', 'traurig', 'traurigkeit', 'trauer', 'kummer']"
열차,"['trainieren', 'bahnhof', 'züge', 'eisenbahnen', 'bahn', 'eisenbahn', 'zug', 'bahnen']"
궁극,"['letztlich', 'letztendlich']"
탐욕,"['gier', 'gierig']"
강조,"['schwerpunkt', 'betonung', 'hervorheben', 'lichtstärke', 'hervorzuheben', 'intensität', 'höhepunkt', 'hervorhebung']"
주전자,"['kessel', 'kanne', 'wasserkocher', 'krug']"
이동식,['abnehmbar']
훼손,"['gefährdet', 'kompromittiert', 'beeinträchtigt', 'verstümmeln']"
손님,"['gäste', 'gästen', 'gast', 'gästezimmer']"
출판사,"['herausgeber', 'verlage', 'verleger', 'verlag']"
협약,"['vereinbarungen', 'konvent', 'übereinkünfte', 'übereinkommen', 'abkommen', 'konvention']"
삽입,"['fügen', 'lfb', 'einstecken', 'einfügen', 'einlegen', 'einfügung', 'interstitielle']"
페이드,"['ausblenden', 'verblassen']"
너비,"['breiten', 'breit', 'breite']"
원칙,"['grundsätzen', 'prinzipien', 'prinzip', 'grundprinzipien', 'grundsatz', 'grundsätze']"
골든,"['goldenes', 'goldener', 'goldenen', 'goldene']"
광경,"['anblick', 'sehvermögen']"
휴양지,"['urlaubsort', 'ferienort', 'kurort', 'ferienanlage']"
모피,"['felle', 'pelz', 'fellen', 'pelze', 'fell']"
비밀번호,"['passwort', 'passwörter', 'kennwort']"
상상력,"['phantasie', 'fantasie', 'vorstellungskraft', 'einbildung']"
고래,"['wale', 'wal']"
테러리스트,"['terroristen', 'terrorismus', 'terroristischen', 'terroristische']"
육수,['brühe']
서술,['erzählung']
국기,"['fahne', 'flaggen', 'flagge']"
국수,"['nudeln', 'nudel']"
수영,"['schwimmbad', 'schwimmen', 'schwimm', 'schwimmt', 'schwimmer']"
백과사전,"['lexikon', 'enzyklopädie', 'enzyklopädien']"
감기,"['erkältung', 'grippe', 'kalt', 'kälte', 'erkältungen', 'kalte']"
예수,"['herrgott', 'jesu']"
클로버,['klee']
인사이드,"['innen', 'innenseite', 'drinnen', 'innerhalb']"
토스트,"['geröstet', 'geröstete', 'anstoßen']"
복제,"['nachbildung', 'replikation', 'duplikat', 'klon', 'kopie', 'doppelte', 'klonen', 'reproduktion', 'duplizieren']"
교류,"['interaktion', 'interagieren', 'interaktionen', 'wechselwirkung', 'wechselwirkungen']"
팔찌,"['armbänder', 'armband']"
웨이,"['weg', 'weise']"
추리,"['begründung', 'überlegung', 'folgerung', 'abzug', 'abzüge', 'argumentation']"
벤처,['risikokapital']
자원,"['ressourcen', 'informationsquelle', 'mittel', 'ressource', 'betriebsmittel']"
고용,"['beschäftigung', 'vermietung', 'miete', 'mieten', 'engagiert', 'angeheuert', 'verleih', 'arbeitsplätze', 'eingestellt', 'beschäftigen', 'arbeitsmarkt', 'beschäftigte', 'beschäftigt']"
냄비,"['pott', 'kanne', 'topf', 'schwenken', 'pfanne']"
오찬,['mittagessen']
무수,['fülle']
기밀,"['vertraulich', 'vertraulichen', 'vertrauliche']"
헌법,['verfassung']
플러스,"['zuzüglich', 'zzgl']"
심포지엄,"['kolloquium', 'symposien']"
단층,"['schuld', 'verschulden']"
계단,"['stufen', 'treppen', 'treppe', 'treppenhaus']"
유형,"['typ', 'typen', 'tippen', 'arten', 'art']"
에디션,"['ausgabe', 'varianten', 'auflagen', 'editionen', 'ausgaben', 'auflage']"
암호,"['kennwort', 'chiffre', 'passwort', 'passwörter', 'inschrift', 'verschlüsselung']"
프로젝트,"['vorhaben', 'projekte', 'projekten', 'projekt']"
경쟁력,"['wettbewerbsfähigkeit', 'wettbewerbsfähig']"
하이웨이,"['autobahn', 'landstraße', 'schnellstraße']"
척추동물,['wirbeltiere']
웰빙,"['wohlbefinden', 'wellness', 'wohlergehen', 'wohlfühlen']"
피임,"['empfängnisverhütung', 'verhütung']"
아프리카인,['afrikaner']
뒷면,"['schwänze', 'schwänzen', 'schwanz', 'zahl']"
하모니,"['einklang', 'harmonie', 'eintracht', 'harmonisch']"
우화,['fabel']
수트,['anzug']
메이드,"['dienstmädchen', 'zimmermädchen', 'putzfrau', 'hausmädchen']"
요구르트,['joghurt']
청동기,['bronzemedaille']
필요,"['erfordernisse', 'bedürfnissen', 'bedarf', 'benötigt', 'bedürfnisse', 'braucht']"
숫자,"['telefonnummern', 'ziffer', 'numerischer', 'anzahl', 'numerische', 'zahlen', 'numerisch', 'ziffern', 'numerischen', 'nummern', 'zahl', 'nummer']"
정의,"['justiz', 'definieren', 'gerechtigkeit', 'begriffsbestimmungen', 'bestimmen', 'begriffsbestimmung', 'definition', 'definitionen']"
과학자,"['informatiker', 'wissenschaftler', 'wissenschaftlerinnen', 'wissenschaftlern', 'wissenschaftlerin']"
계좌,"['rechnung', 'gesamtrechnung', 'benutzerkonto', 'buchhaltung', 'konto', 'buchführung', 'konten']"
공허,"['leere', 'ungültig', 'nichtigkeit', 'nichtig']"
타자,['teig']
소작,"['kleinen', 'kleine', 'kleines', 'klein', 'kleiner']"
피드,"['füttern', 'futter', 'futtermittel']"
동부,"['ostseite', 'östlich', 'osten', 'osteuropa', 'östliche', 'ost', 'östlichen']"
부하,"['lasten', 'ladungen', 'belastungen', 'untergebenen']"
대통령,"['präsident', 'präsidenten', 'vorsitz', 'ratspräsidentschaft', 'präsidentschaft', 'präsidium', 'präsidentin', 'vorsitzender']"
고도,"['erhöhung', 'höhen', 'höhe']"
병행,"['gleichzeitiger', 'gleichzeitig', 'gleichzeitige', 'gleichzeitigen']"
스크린,"['schirm', 'bildschirme', 'bildschirm', 'leinwand']"
용서,"['verzeihung', 'verzeih', 'vergebung', 'verziehen', 'vergeben', 'verzeihen']"
전역,"['kampagnen', 'kampagne', 'weltweit', 'wahlkampf', 'globale', 'globalen', 'weltweite', 'werbekampagne']"
브리티시,"['britische', 'britischen', 'britisch']"
토끼,"['hasen', 'hase', 'kaninchen', 'häschen']"
대행사,"['agentur', 'reisebüro']"
목록,"['listen', 'aufstellung', 'liste', 'verzeichnis']"
섹스,"['geschlecht', 'geschlechtsverkehr']"
안정,"['stabilen', 'beständig', 'stabile', 'stabil', 'stabilität', 'beständigkeit']"
자주,"['oft', 'häufige', 'häufiger', 'oftmals', 'häufig']"
하늘,"['himmlisch', 'himmel']"
상거래,"['handel', 'geschäfte']"
프로세싱,"['bearbeitung', 'weiterverarbeitung', 'veredelung', 'aufbereitung', 'verarbeitung']"
항성,"['sternen', 'stern', 'sternchen', 'sterne']"
공급자,"['lieferanten', 'zulieferer', 'lieferant', 'anbieter', 'versorger', 'anbietern', 'dienstleister']"
복구,"['wiederherstellung', 'verwertung', 'zurückzugewinnen', 'rückforderung', 'erholen', 'zurückgewinnen', 'rückgewinnung', 'erholung', 'wiederherzustellen', 'wiederherstellen', 'erholt', 'wiederhergestellt']"
건축학,['architektur']
심리학,"['psychisch', 'psychologie', 'psychologischen', 'psychologe', 'psychologen', 'psychologische']"
진행,"['fortfahren', 'fortschritt', 'fortschritts', 'fortschritte', 'fortschritten']"
양파,"['zwiebel', 'zwiebeln']"
조개류,"['muschel', 'weichtiere', 'muscheln']"
리허설,"['probe', 'proben']"
문법,"['grammatikalische', 'grammatik']"
왕자,"['fürst', 'prinz', 'prinzen']"
트윈,"['doppelzimmer', 'zwilling', 'zwillinge']"
힌트,"['hinweise', 'hinweis', 'tipps', 'tipp', 'andeuten']"
다소,"['einigermaßen', 'eher', 'irgendwie', 'etwas']"
비단,['seide']
행복,"['glücklich', 'glückseligkeit', 'gerne', 'freude', 'fröhlich', 'zufriedenheit', 'glück', 'zufrieden']"
펜싱,"['zäune', 'fechten']"
바베큐,"['grill', 'barbecue', 'grillen']"
순서,"['bestellen', 'befohlen', 'bestellungen', 'sequenz', 'bestellten', 'ordnung', 'reihenfolge', 'auftrag', 'ablauf', 'sequenzen', 'bestellte', 'bestellt', 'folge', 'bestellung']"
지형도,['topographische']
신자,"['gläubig', 'gläubige', 'gläubigen', 'gläubiger']"
뽑기,"['ziehen', 'zieh']"
도달,"['reichweite', 'erreichten', 'erreichen', 'erreicht', 'erreiche', 'erreichte']"
컴퓨팅,"['kalkulation', 'computer', 'berechnung', 'informatik', 'datenverarbeitung', 'berechnungen']"
일부,"['einigen', 'manche', 'einige']"
피드백,['rückmeldung']
항목,"['eintritt', 'eingang', 'gegenstand', 'eintrag', 'eintragung', 'einträge', 'posten', 'artikel', 'einreise', 'punkt', 'gegenstände', 'positionen']"
웨스트,"['westliche', 'westen']"
침실,"['schlafzimmer', 'zimmer']"
시리즈,"['baureihe', 'serie', 'reihen', 'zeitreihen', 'reihe']"
창의력,"['kreativität', 'kreativ']"
노스,"['nordsee', 'nordosten', 'norden', 'nord']"
암살자,"['attentäter', 'mörderin', 'mörder', 'killer']"
맨션,"['herrenhaus', 'villa', 'anwesen']"
영사관,"['botschaften', 'konsulat', 'konsulate', 'botschaft']"
승무원,"['besatzungsmitglieder', 'gastgeberin', 'mannschaft', 'besatzung']"
상속인,"['erbin', 'erbe', 'erben']"
광고주,"['werbekunden', 'werbetreibenden', 'werbetreibende']"
고문,"['qualen', 'quälen', 'foltern', 'folterungen', 'folter']"
캐리어,"['luftfahrtunternehmen', 'träger', 'transportunternehmen', 'netzbetreiber', 'fluggesellschaft']"
등록,"['eintragen', 'eingetragene', 'registriert', 'zulassungen', 'registrierungen', 'eingetragen', 'einschreiben', 'anmelden', 'anmeldung', 'eintragung', 'einschreibung', 'registrieren', 'registrierung', 'registrierte', 'anmeldungen']"
군사,"['militärisch', 'militärische', 'militär', 'militärischen']"
손실,"['verluste', 'verlusten', 'verlust']"
임금,"['lohn', 'löhne', 'gehälter', 'gehalt']"
스웨터,['pullover']
가입자,"['abonnenten', 'teilnehmers', 'teilnehmer']"
코멘트,"['kommentare', 'anmerkung', 'kommentieren', 'kommentar', 'bemerkung']"
녹색,"['grüne', 'grün', 'grünen']"
호흡,"['atemzug', 'atmung', 'atemluft', 'einatmen', 'atem', 'atemwege', 'durchatmen', 'atmen']"
불신,['unglauben']
수량,"['stückzahl', 'quantität', 'anzahl', 'menge', 'mengen']"
성운,['nebel']
팰콘,"['falke', 'falken']"
동결,"['stehenbleiben', 'einfrieren', 'frieren']"
마이크,"['mikro', 'mikrofone', 'mikrofon', 'mikrophon']"
만족도,"['befriedigung', 'genugtuung', 'kundenzufriedenheit', 'zufriedenheit', 'zufrieden']"
사구,['dünen']
랠리,"['kundgebung', 'rallye']"
천재,"['genie', 'genial', 'genies', 'geniale']"
음악,['musik']
센트,['cent']
근사,"['annäherung', 'angleichung']"
마스터스,"['meistern', 'meister', 'master']"
보좌,"['adjutant', 'hilfskräfte']"
반대편,"['gegenteil', 'gegenüber', 'entgegengesetzt']"
수비수,['verteidiger']
새우,"['krabben', 'garnelen']"
순례자,"['pilger', 'pilgerfahrt']"
혁신,"['neuerungen', 'innovationen', 'neuentwicklungen', 'neuheiten']"
절도,"['diebstahl', 'diebstahls']"
본질,"['wesentliche', 'wesen', 'essenzen', 'wesentlichen', 'essenz']"
배선,"['leitungen', 'verkabelung']"
평면,"['flug', 'flugzeug']"
삼총사,['musketiere']
비행장,['flugplatz']
민주주의,['demokratie']
코발트,['kobalt']
화질,"['qualitätssicherung', 'qualität', 'qualitätskontrolle']"
색칠,"['farbstoffe', 'farbstoff', 'färbung', 'färben']"
인벤토리,"['inventur', 'bestandsaufnahme', 'bestände', 'inventar']"
시드,"['saat', 'saatgut', 'nachkommen']"
세미,"['halbfinale', 'halb', 'halbzeug']"
평가,"['bewertungen', 'bewertung', 'beurteilung', 'berechtigungen', 'satz', 'quoten', 'bewerten', 'auswertung', 'zinssatz', 'wertung', 'steuersatz', 'auswerten', 'evaluieren', 'einstufung', 'evaluierung']"
에뮬레이션,"['emulieren', 'nachahmung']"
얼룩,"['makel', 'flecken', 'fleck']"
파종,"['verbreiteten', 'verbreitete', 'verbreitet']"
망설임,"['zögert', 'zögern']"
성직자,"['priester', 'kleriker', 'klerus', 'geistliche', 'geistlichen', 'pfarrer', 'geistlicher']"
삼각형,"['dreieck', 'dreieckige', 'dreiecks', 'dreiecke']"
회원,"['mitglied', 'mitglieder', 'mitgliedstaat', 'mitgliedstaaten', 'mitglieds']"
혼란,"['chaotischen', 'durcheinander', 'verwirrung', 'verwirrend', 'verwechslung', 'verwirrt', 'unordnung', 'chaotisch', 'verwirren', 'verwechselt']"
경배,"['gottesdienst', 'anbeten', 'verehrung', 'verehren', 'anbetung', 'dient']"
경보,"['warnung', 'beratung', 'beratenden', 'wachsam', 'alarm', 'beirat', 'gutachten', 'ausschreibung']"
파괴,"['zerstöre', 'vernichten', 'vernichtung', 'zerstörerische', 'zerstören', 'vernichtet', 'zerstörung', 'verwüstung']"
강아지,"['hündchen', 'welpen', 'welpe']"
노동,"['arbeit', 'wehen', 'arbeitsrecht', 'arbeitskräfte', 'arbeitsmarkt']"
페널티,"['strafe', 'geldstrafe', 'strafen', 'todesstrafe', 'sanktion']"
식물학,"['pflanzen', 'pflanze', 'anlagen']"
중앙,"['stadtzentrum', 'mittelpunkt', 'zentriert', 'mitte', 'stadtmitte', 'zentrum']"
발신,"['ausgang', 'versender', 'ausgehende', 'ausgehenden', 'absender']"
수로,"['wasserstraße', 'wasserstraßen']"
간격,"['abstände', 'lücken', 'lücke', 'differenz', 'abstand', 'zeitraum', 'lückenhaft', 'kluft', 'zeitspanne', 'intervall']"
조회,"['abfrage', 'anzeigen', 'gesehen', 'meinungen', 'angeschaut', 'abfragen', 'anfrage', 'ansichten', 'angesehen', 'aussicht', 'blick', 'aufrufe', 'ansicht', 'betrachtet']"
치사,"['mordfall', 'mord', 'mordkommission', 'tötung']"
다수,"['mehrzahl', 'mehrheit']"
이삭,"['isaak', 'ishaq']"
등반,"['bergsteigen', 'klettern', 'bergsteiger']"
상동,['homologen']
빗자루,['besen']
양조,"['brauerei', 'brauen', 'brauereien']"
정치인,"['politikerin', 'politikern', 'politiker']"
칠면조,['türkei']
중개인,"['mittler', 'broker', 'vermittler', 'makler']"
엔진,"['motoren', 'suchmaschine', 'triebwerke', 'maschine', 'motor', 'antrieb']"
코란,['qur']
여름,"['sommerferien', 'sommerurlaub', 'sommer', 'sommerzeit']"
근면,"['sorgfalt', 'fleiß']"
색상,"['farbton', 'farben', 'farbig', 'farbe', 'farbstoffe', 'färben']"
연못,"['teich', 'teiche']"
의정서,"['protokollen', 'protokolle']"
인식,"['bekanntheitsgrad', 'erkenne', 'sensibilisierung', 'anerkennen', 'bekanntheit', 'bewusstsein', 'erkenntnis', 'anerkennung', 'wahrnehmung', 'erkennen', 'kognition', 'erkennung']"
암초,"['riff', 'schwarm']"
울림,"['klingeln', 'läuten']"
블라우스,"['bluse', 'blusen']"
비용,"['aufwendungen', 'kosten', 'unkosten', 'spesen', 'ausgaben', 'aufwand']"
방학,"['ferien', 'urlaub']"
결함,"['defekt', 'mängel', 'mangel', 'makel']"
증명,"['nachweis', 'bescheinigung', 'beweise', 'kennung', 'nachweise', 'beweist', 'kennzeichnung', 'beweis', 'identifizierung', 'identifikation', 'beweisen']"
스프레이,['sprühen']
지구,['erde']
엉망,"['durcheinander', 'unordnung', 'sauerei', 'schweinerei', 'chaos']"
자체,['selbst']
적립,"['verdienst', 'verdienen', 'verdiene']"
라이징,"['steigend', 'steigenden', 'steigende']"
황달,['gelbsucht']
인질,"['geiselnahme', 'geisel', 'geiseln']"
파라미터,['parametern']
휴대폰,"['telefonisch', 'telefonnummer', 'handys', 'telefonieren', 'telefon']"
프린스,"['fürst', 'prinz', 'prinzen']"
코스,"['sprachkurse', 'golfplätze', 'kurse', 'lehrgang', 'natürlich', 'kurs']"
진주,"['perle', 'perlen']"
직렬,"['serien', 'seriellen', 'serielle', 'seriennummer']"
매춘부,"['nutte', 'prostituierte', 'prostituierten', 'hure']"
타이어,"['reifen', 'reifens']"
굶주림,"['hunger', 'unterernährung', 'verhungern', 'hungersnot', 'hungern']"
관습,"['zollbehörde', 'bräuche', 'üblich', 'zollunion', 'zoll']"
언덕,"['anhöhe', 'hügel', 'berg', 'berge', 'hügeln']"
스트레이트,"['geradeaus', 'gerade', 'hetero', 'direkt']"
디지털,"['digitale', 'digitalkamera', 'digitalen', 'digitales']"
시퀀스,"['sequenz', 'reihenfolge', 'ablauf', 'sequenzen', 'folge']"
스캐닝,"['scannen', 'gescannt', 'einlesen']"
줄기,"['stammzellen', 'stamm', 'stiel']"
버펄로스,['büffel']
크로스,"['überqueren', 'kreuz']"
성분,"['inhaltsstoffe', 'bestandteile', 'komponenten', 'bauteile', 'zutaten', 'einzelteile']"
답장,"['erwiderung', 'antworten', 'beantwortung', 'antworte', 'antwort']"
라벨,"['beschriftung', 'aufkleber', 'etikett', 'kennzeichnung', 'beschriftungen', 'etiketten']"
플라잉,"['fliegen', 'fliegende']"
할아버지,"['opa', 'großvaters', 'großvater']"
콘텐츠,"['gehalt', 'inhaltsverzeichnis', 'inhalten', 'inhalt', 'inhalte']"
채색,"['farbigen', 'farbig', 'farbige']"
고리,"['klingeln', 'ringen', 'ringe']"
산호,['korallen']
미니시리즈,['miniserie']
양념,"['gewürze', 'erfahrene', 'gewürz', 'erfahrener', 'gewürzt', 'würzen', 'gewürzen']"
시프트,"['schicht', 'verschieben', 'verschiebung']"
키트,['kästen']
알베르트,['albrecht']
결석,"['abwesend', 'abwesenheit', 'fehlen']"
전구,"['birne', 'glühlampe']"
신비주의,['mystik']
착석,"['sitzen', 'sitzend']"
편곡,"['absprache', 'vereinbarung', 'arrangieren', 'regelung', 'ordnen', 'anordnen', 'anordnung', 'arrangeur']"
시사회,"['vorführung', 'uraufführung', 'premieren']"
식사,"['mahlzeiten', 'mahlzeit', 'speisesaal', 'speisen', 'verpflegung']"
그립,"['griffe', 'greifen', 'griffen', 'griff']"
등불,"['glühlampen', 'lampen', 'leuchten']"
피부,"['haut', 'hautfarbe']"
냉동,"['einfrieren', 'stehenbleiben', 'eingefroren', 'kälte', 'kühlung', 'kühlmittel', 'kühlen', 'gefrorene', 'gefroren', 'frieren']"
대안,"['alternative', 'alternativ', 'hilfsweise', 'alternativer', 'alternativen']"
배당,"['dividende', 'ausschüttung', 'dividenden']"
총상,"['schuß', 'schuss']"
간호사,"['krankenschwester', 'pflegepersonal', 'schwester', 'krankenpfleger', 'schwestern', 'pfleger', 'krankenschwestern']"
변경,"['wechseln', 'wechsel', 'veränderungen', 'veränderung', 'verändern', 'ändern', 'änderungen', 'änderung']"
경찰,"['bulle', 'polizisten', 'polizeistation', 'polizist', 'polizei']"
챔피언십,"['meisterschaft', 'sieger', 'weltmeister', 'meister', 'meisterschaften']"
나이트클럽,"['diskothek', 'nachtclubs', 'nachtclub']"
근본주의,['fundamentalismus']
비치,"['sandstrand', 'strand', 'strände']"
구문,"['begriff', 'satz', 'ausdruck']"
피치,"['stellplatz', 'pfirsich', 'spielfeld']"
액세서리,"['accessoires', 'zubehörteile', 'zubehör']"
이유,"['vernunft', 'gründen', 'grund', 'gründe']"
농민,"['bäuerlichen', 'bauer', 'bauern']"
주인,"['inhaber', 'eigentümerin', 'vermieter', 'eigentümer', 'besitzer']"
망각,"['vergessen', 'vergisst', 'vergesse']"
발톱,"['krallen', 'klauen', 'nagel', 'fingernägel', 'nägel']"
원시,"['primitiven', 'primitiv']"
동무,"['genosse', 'kamerad']"
부엉이,"['eulen', 'eule']"
스킨,"['haut', 'hautfarbe']"
각막,['hornhaut']
초등,"['elementare', 'elementaren', 'elementar', 'grundschule']"
남동,"['südost', 'südöstlich', 'südosten', 'südöstlichen']"
망명,"['asyl', 'verbannung', 'asylrecht', 'asylbewerber', 'exil', 'asylpolitik']"
한국,"['südkorea', 'koreanische', 'koreanisch', 'maltesische', 'koreanischen', 'koreaner']"
파라다이스,['paradies']
바구니,"['korb', 'warenkorb', 'körbe', 'einkaufswagen']"
형성,"['gründung', 'entstehung', 'umformung', 'formgebung', 'bildung', 'bilden']"
스타일,"['stil', 'vorlagen', 'stile']"
번영,"['wohlhabenden', 'wohlhabende', 'wohlfahrt', 'wohlstand', 'wohlhabend']"
프리미엄,"['prämie', 'aufschlag']"
견학,"['ausflugsziele', 'ausflug', 'exkursion']"
부록,"['anlage', 'anhang', 'anlagen', 'anhänge']"
반박,"['widerlegung', 'erwiderung', 'widerlegen']"
화이트,"['weiß', 'weißen', 'weiss', 'weisse', 'weiße']"
재산,"['grundstück', 'vermögen', 'immobilien', 'reichtum', 'reichtümer', 'eigenschaft', 'immobilie', 'wohlstand', 'reichtums', 'eigentum']"
타깃,"['zielgruppe', 'ziel', 'zielvorgabe']"
접시,"['teller', 'gericht', 'schale', 'kennzeichen', 'bleche', 'gerichte', 'schüssel', 'geschirr', 'untertasse', 'speise', 'platte']"
벤치마킹,['benchmark']
포니,['ponys']
거트루드,['gertrud']
쥐라기,['jura']
등급,"['größenordnung', 'ausmaß', 'helligkeit']"
갤러리,"['galerien', 'bildergalerie', 'galerie', 'kunstgalerien']"
궤양,"['geschwür', 'geschwüre']"
강간,"['vergewaltigt', 'vergewaltigung', 'vergewaltigen', 'raps', 'vergewaltigungen']"
일주일,"['wochentag', 'wochen', 'woche']"
시술,"['behandlung', 'therapien', 'vorgehensweise', 'anwendungen', 'prozedur', 'verfahren', 'behandlungen']"
무화과,"['abb', 'feige', 'feigen']"
오른쪽,"['richtig', 'recht', 'rechte', 'stimmt', 'rechts']"
청동,"['bronzemedaille', 'bronzen']"
마커,"['marker', 'markierungen']"
학위,['grad']
멸치,['sardellen']
속죄,"['buße', 'büßen']"
스트라이크,"['schlag', 'streiks', 'streik']"
상승,"['heben', 'erheben', 'anstieg', 'aufstieg', 'anheben', 'fahrstuhl', 'steigen', 'aufzug']"
손녀,['enkelin']
스위치,"['schalter', 'gewechselt', 'wechseln', 'weichen', 'getauscht', 'vertauscht', 'umgestellt', 'eingeschaltet', 'umschalten', 'wechselte']"
사타구니,['leiste']
타임,"['zeit', 'zeiten', 'zeitraum', 'zeitpunkt', 'uhrzeit']"
구간,"['abstand', 'zeitraum', 'intervall', 'zeitspanne']"
제외,"['ausschlüsse', 'ausschluss', 'ausgenommen', 'ausnahmen', 'ausschluß', 'ausgrenzung', 'ausgeschlossen', 'ausschließen']"
식물,"['pflanzen', 'pflanzenwelt', 'pflanze', 'anlagen']"
폐렴,"['pneumonie', 'lungenentzündung']"
미네랄,"['mineralische', 'mineralstoffe', 'mineralwasser', 'bodenschätze', 'mineralien', 'mineral']"
악수,['handschlag']
드라마,"['dramen', 'schauspiel', 'spielfilm']"
포도주,"['weine', 'weines', 'weinbau', 'wein']"
제재,"['sanktion', 'sanktionen', 'strafen', 'strafmaßnahmen']"
계절풍,['monsun']
숙박,"['unterkunft', 'unterkünfte', 'unterbringung', 'übernachtung', 'ferienwohnung', 'ferienwohnungen', 'bleiben', 'aufenthalt']"
자루,['plünderung']
불법,"['rechtswidrige', 'illegalen', 'illegale', 'unrechtmäßig', 'rechtswidrig', 'illegales']"
돌파,"['bahnbrechende', 'durchbruch']"
저장,"['retten', 'aufbewahrung', 'einsparung', 'speicher', 'lagerung', 'sparen', 'speichere', 'ersparnis', 'spart', 'rettet', 'lagerraum', 'speichert', 'lagerhaltung', 'speichern']"
레지던스,"['residenz', 'wohnort', 'aufenthalt', 'wohnsitz']"
어디서,"['wo', 'wohin']"
엄마,"['mutter', 'mutti', 'mama', 'mum', 'muttertag']"
각서,"['memorandums', 'vereinbarung']"
볶음,"['gebraten', 'durchgebrannt']"
메신저,"['gesandten', 'boten', 'bote']"
거품,"['blase', 'schaum', 'blasen']"
자료,"['datenschutz', 'angaben', 'daten']"
해체,"['zerlegung', 'abzubauen', 'zerlegen', 'trennung', 'abbauen', 'abbau', 'demontage']"
용접,"['schweißer', 'schweißen']"
식료품,"['einkäufe', 'lebensmittelindustrie', 'lebensmittel', 'lebensmitteln', 'nahrungsmittel']"
소금,"['salze', 'salzwasser', 'salz', 'salzen']"
품종,"['rasse', 'züchtung', 'züchten', 'rassen']"
부관,"['stellvertretender', 'posthum', 'stellvertreter', 'stellvertretende']"
대화,"['faden', 'konversation', 'diskussionen', 'unterhaltungen', 'gespräche', 'fäden', 'gespräch', 'unterhaltung', 'gewinde', 'themen']"
글씨체,"['handschrift', 'schriftzug', 'handschriften', 'aufschrift']"
가슴,"['kommode', 'truhe', 'muttermilch', 'brüste', 'brust', 'brustkorb', 'brüsten', 'busen', 'stillen']"
드라이,"['trockene', 'trocken', 'trocknen', 'trockenes']"
남편,"['ehemänner', 'mann', 'ehemann', 'gatte']"
차별,"['diskriminierende', 'diskriminierungen', 'diskriminierung', 'diskriminierend', 'diskriminieren']"
단발,"['einzig', 'nur', 'einzige', 'einzigen', 'lediglich']"
수선화,['narzissen']
피로,"['erschöpfung', 'müdigkeit', 'ermüdung']"
나팔,"['posaune', 'trompeter', 'trompete', 'trompeten']"
분할,"['teilt', 'aufteilen', 'teilung', 'teilen', 'partitionen', 'geteilt']"
아까,"['zuvor', 'frühere', 'vorhin', 'früher']"
미분,"['derivate', 'differenz', 'derivat', 'ableitung', 'abgeleitete']"
기숙사,"['wohnheim', 'schlafsaal']"
교황,"['papst', 'päpste']"
국민,"['nationen', 'menschen', 'nationalen', 'nationale', 'nationaler', 'personen', 'leute']"
진술,"['anweisung', 'aussage', 'erklärung']"
밸런스,"['bilanz', 'gleichgewicht', 'waage']"
스테로이드,['steroide']
소대,['zug']
낚시,"['fischen', 'angeln', 'fischerei', 'fischfang']"
인터내셔널,"['internationalen', 'internationale', 'internationaler']"
승리,"['gewinne', 'gewinnen', 'gewinn', 'siegen', 'sieg']"
자석,"['magnete', 'magneten']"
방황,['umher']
통치자,"['herrscher', 'machthaber']"
무지,"['unkenntnis', 'unwissenheit', 'ignoranz']"
컴뱃,"['kampf', 'bekämpfung', 'bekämpfen']"
창문,"['schaufenster', 'fenster']"
아스팔트,['bitumen']
청색,"['blaue', 'blau', 'blauen']"
배수지,['abfluss']
파이팅,"['kämpfen', 'kämpfe', 'kampfhandlungen', 'bekämpfen']"
생리학,['physiologie']
소변,"['pinkeln', 'urin', 'urinieren']"
센서,['sensoren']
치프,"['chef', 'häuptling']"
관찰자,"['beobachtern', 'beobachterstatus', 'beobachter', 'betrachter']"
레즈비언,"['lesbisch', 'lesbe', 'lesben']"
입출력,"['eingaben', 'eingabe', 'eingang']"
물개,"['dichtung', 'dichtungen', 'versiegeln', 'gütesiegel', 'siegel']"
개척자,"['pionier', 'pioniere', 'vorreiter', 'wegbereiter']"
단속,"['razzia', 'niederschlagung']"
장애물,"['hürde', 'hindernisse', 'springen', 'behinderung', 'hemmnisse', 'springt', 'springe', 'hürden', 'sprünge', 'hüpfen', 'hindernis']"
방치,"['vernachlässigen', 'vernachlässigung', 'nachlässigkeit', 'vernachlässigt']"
중지,"['aufhören', 'stopp', 'haltepunkt', 'aufhalten', 'abbruch', 'stoppen', 'anhalten', 'abbrechen']"
벨소리,"['klingelton', 'klingeltöne']"
입체,"['feste', 'massiv', 'festen', 'solide', 'fest']"
벙어리,"['blöd', 'dämlich', 'dumm', 'doof', 'stumm']"
프로덕션,"['erzeugung', 'fertigung', 'produktion', 'herstellung', 'produktionen']"
엉덩이,"['arsch', 'hüfte', 'hintern', 'gesäß', 'hüften']"
법학,"['rechtswissenschaft', 'recht', 'rechtsprechung', 'gesetze', 'gesetz', 'rechtswissenschaften']"
군주,"['monarchen', 'monarchie']"
구출,"['retten', 'bergung', 'rettungs', 'rettet', 'rettung', 'errettet']"
노름,"['normalfall', 'regel']"
수사관,"['ermittler', 'forscher']"
점화,"['entzündung', 'zündung', 'glühen', 'zünden']"
쐐기,['keil']
추기경,['kardinäle']
출퇴근,"['pendeln', 'pendler', 'pendelverkehr']"
영사,['konsul']
안내원,['rezeption']
프린팅,"['druckmaschinen', 'drucken', 'druck', 'druckereien', 'druckerei']"
음식점,"['ortschaften', 'küche', 'kochen', 'plätze', 'orte', 'essen', 'gaststätte']"
문자,"['charakter', 'figur', 'zeichen', 'texte', 'schriftzeichen', 'skript', 'skripts', 'drehbuch', 'charaktere', 'buchstaben', 'figuren', 'schrift']"
평화,"['friedens', 'friede', 'frieden']"
논리,"['logik', 'logisch']"
주름,['falten']
상인,"['kaufmann', 'kaufleute']"
여신,['göttin']
후퇴,"['rückzug', 'zurückziehen']"
하얀색,"['weiß', 'weißen', 'weiss', 'weisse', 'weiße']"
벤치,"['bänke', 'bank', 'bänken']"
폭풍,"['sturm', 'gewitter', 'stürme', 'stürmen', 'unwetter']"
스퀘어,"['rechteck', 'quadratisch', 'platz', 'quadrat']"
옥수수,"['mais', 'getreide', 'korn']"
개조,['modifikationen']
디펜스,"['verteidigungspolitik', 'verteidigungsministerium', 'abwehr', 'selbstverteidigung', 'verteidigung']"
와이프,"['gemahlin', 'frau', 'weib', 'ehefrau']"
부모,"['muttergesellschaft', 'mutterunternehmen', 'elternteil', 'eltern']"
역설,"['paradoxa', 'paradoxe', 'widerspruch', 'paradoxon']"
프랑,"['francs', 'franken']"
신발,"['schuhindustrie', 'schuh', 'schuhe', 'schuhen']"
와이드,"['breiten', 'breit', 'breite', 'breiter']"
다각형,['polygone']
시도,"['versuchen', 'versucht', 'versuch']"
스승,"['lehrer', 'lehrerin', 'dozent']"
파시스트,"['faschismus', 'faschistischen', 'faschistische', 'faschisten']"
방수,"['abdichtung', 'wasserdicht']"
놀이터,"['spielplätze', 'kinderspielplatz', 'spielplatz', 'spielfeld']"
스페셜,"['spezial', 'spezielle', 'spezialitäten', 'besonderheiten', 'besonderes', 'spezielles', 'besondere', 'angebote']"
재킷,"['jacke', 'jacken', 'jackett']"
대피,"['evakuieren', 'evakuiert', 'evakuierung']"
몸매,"['karosserie', 'körper', 'stelle']"
구류,"['sorgerecht', 'gewahrsam', 'verwahrung', 'untersuchungshaft']"
보고,"['bericht', 'berichterstattung', 'berichte', 'melden', 'meldung']"
리콜,['rückruf']
독성,"['giftig', 'toxizität', 'giftige', 'toxische', 'toxisch', 'schädlichkeit']"
흡연,"['rauchen', 'nichtraucher', 'raucher']"
소시지,"['würstchen', 'würste', 'wurst']"
고백,"['gestehe', 'gestehen', 'geständnisse', 'beichten', 'geständnis', 'gesteht', 'bekenntnis', 'beichte']"
통조림,"['konservierung', 'konserven', 'dosen']"
여동생,"['schwägerin', 'schwester']"
브레이크,"['bremse', 'pause', 'bremsanlage', 'auszeit', 'bremsen', 'brechen', 'bruch']"
사과,"['entschuldigungen', 'entschuldigt', 'äpfeln', 'äpfel', 'entschuldige', 'apfel', 'entschuldigung', 'entschuldigen']"
조끼,"['weste', 'westen']"
장어,"['aal', 'aalen', 'aale']"
제국주의,['imperialismus']
스머프,"['schlümpfe', 'schlumpf']"
판타지,"['phantasie', 'fantasie', 'fantasien']"
곱셈,"['vermehrung', 'vervielfachen', 'multiplizieren', 'multipliziert', 'multiplikation']"
감시,"['bewachung', 'überwachung', 'wächter', 'videoüberwachung']"
탤런트,"['begabung', 'talente', 'talent', 'talenten']"
아래층,['unten']
해결책,"['lösung', 'systemlösungen', 'lösungen']"
전염병,"['seuchen', 'seuche', 'pest', 'plage']"
인종,"['wettrennen', 'rasse', 'rennen', 'rassen']"
병신,"['arsch', 'arschloch']"
머리,"['haarfarbe', 'frisur', 'haare', 'leiter', 'haupt', 'kopf', 'haar']"
소란,['störung']
프랙탈,['fraktale']
동반자,"['gefährte', 'kamerad', 'gefährten', 'begleiter']"
척추,"['rückgrat', 'wirbelsäule']"
산악,"['gebirge', 'berge', 'berg', 'bergwelt']"
기관,['träger']
퇴직,"['ruhestand', 'ausgemustert', 'pensionierung', 'ehemaliger', 'rente', 'rentner', 'emeritierung', 'zurückgezogen']"
제초제,['herbizid']
고고학,"['antiquitäten', 'archäologie', 'archäologische', 'archäologischen']"
법원,"['hof', 'gericht', 'gerichten', 'höfe', 'gerichte', 'gerichtsgebäude', 'gerichtshof', 'gerichtshofes', 'hofe']"
탐험,"['erkunden', 'erkundung', 'entdecke', 'entdecken', 'expeditionen', 'forscher', 'erforschen', 'erforschung', 'entdecker', 'entdeckungsreise']"
분위기,"['stimmung', 'erdatmosphäre', 'atmosphäre', 'stimmungen', 'ambiente', 'gelaunt', 'laune']"
행진곡,"['marsch', 'märz']"
링크,"['verweise', 'verknüpfung', 'verbindung', 'verlinken', 'verknüpfungen', 'verlinkung', 'verbindungen']"
허리,"['taille', 'hüfte']"
캐러밴,"['karawane', 'wohnwagen', 'wohnmobil']"
반응,"['interaktion', 'ansprechen', 'antwort', 'reaktion', 'interaktionen', 'wechselwirkung', 'reaktionen', 'wechselwirkungen']"
회피,"['vermeidung', 'vermeiden']"
마비,"['gelähmt', 'lähmung']"
황무지,"['wüste', 'wildnis']"
탑승,"['bord', 'pension', 'einsteigen']"
스위트,"['suiten', 'suite']"
컴퓨터,"['computer', 'computern', 'informatik', 'datenverarbeitung', 'rechner']"
자연,"['natürliche', 'natürlichen', 'naturschutz', 'natürliches', 'natürlicher', 'natur']"
교사,"['lehre', 'lehren', 'unterricht', 'lehrkräfte', 'lehrerinnen', 'unterrichten', 'lehrerin', 'dozenten', 'lehrer', 'dozent']"
벌크,"['lose', 'masse', 'massen', 'großteil', 'hauptteil']"
인상주의,['impressionismus']
분지,"['becken', 'waschbecken', 'schüssel', 'einzugsgebiet']"
선반,"['regal', 'regale', 'ablage', 'haltbar', 'haltbarkeit', 'drehmaschine']"
가격,"['preise', 'preispolitik', 'preisen', 'preisliste', 'preisgestaltung', 'preis']"
구원자,"['hilfsprogramm', 'erlöser', 'helfer', 'retter']"
달팽이,"['schnecke', 'geschoss', 'schnecken']"
범죄자,"['strafrecht', 'kriminell', 'kriminalität', 'kriminelle', 'kriminellen', 'täter', 'verbrecher', 'straftäter']"
다중,"['mehrfache', 'vielzahl', 'mehrere', 'mehrfach', 'vielfachen']"
해방,"['befreiung', 'freilassung', 'emanzipation']"
레지스터,"['eintragen', 'anmelden', 'anmeldung', 'registrieren', 'registrierung', 'register', 'verzeichnisse']"
판매,"['verkaufen', 'umsatz', 'vertrieb', 'umsätze', 'verkauft', 'verkäufe', 'verkauf', 'verkaufe', 'verkauften', 'verkaufte']"
숭배,"['gottesdienst', 'anbeten', 'sekte', 'kult', 'verehrung', 'verehren', 'dient', 'anbetung']"
매질,['prügelstrafe']
응답,"['erwiderung', 'reagieren', 'ansprechen', 'antwort', 'antworten', 'reaktion', 'beantwortung', 'antworte', 'reaktionen']"
펄프,"['zellstoff', 'brei', 'schnitzel']"
트럼프,['trumpf']
파라오,"['pharaonen', 'pharaos', 'pharao']"
정밀,"['präzision', 'präzise', 'genauigkeit', 'präzises']"
걱정,"['besorgt', 'besorgnis', 'sorgen', 'beunruhigt', 'besorgte', 'sorge']"
시선,"['beachtung', 'achtung', 'aufmerksamkeit', 'aufgepasst']"
사례,"['fallbeispiele', 'fällen', 'fälle', 'fall', 'rechtssache']"
산책로,['strandpromenade']
방산,['ausstrahlen']
지정,"['angegebenen', 'angegebene', 'spezifizierte', 'angeben', 'angegeben', 'spezifizieren', 'spezifiziert']"
욕심,"['gier', 'gierig']"
채팅,"['unterhaltungen', 'plaudern', 'chatten']"
이전,"['auswandern', 'vorheriger', 'migrieren', 'älterer', 'älter', 'vorhergehende', 'früheren', 'davor', 'vorherige', 'bevor', 'migration', 'frühere', 'ältere', 'vorher', 'älteres', 'zuvor', 'älteren', 'vor']"
처녀자리,['jungfrau']
감시자,['wächter']
토요일,"['samstags', 'samstag']"
카네이션,"['nelke', 'nelken']"
액체,"['fließend', 'flüssig', 'flüssige', 'flüssigkeiten', 'flüssigkeit']"
만성,"['chronischen', 'chronisch', 'chronischer', 'chronische']"
사회,"['soziales', 'sozial', 'soziale', 'gesellschaft', 'sozialer', 'sozialen']"
귀하,"['ihr', 'dich', 'du', 'sie', 'dir']"
안면,"['gesichts', 'gesicht']"
스피커,"['rednerin', 'redner', 'sprecher', 'referenten', 'lautsprecher']"
파이널,"['abschlussprüfung', 'endrunde', 'endgültige', 'finale', 'endspiel', 'letzte', 'endgültigen', 'endgültig']"
스완,['schwan']
예시,"['fallbeispiele', 'beispiele', 'beispielen', 'beispiel', 'vorbilder']"
영향력,"['auswirkungen', 'beeinflussung', 'einfluß', 'einfluss', 'wirkung', 'einflussnahme', 'beeinflussen', 'auswirkung']"
코코아,"['kakao', 'kakaobutter']"
이민자,"['einwanderer', 'zuwanderer', 'immigranten']"
수수료,"['gebühr', 'gebühren', 'honorar']"
챕터,['kapitel']
검사관,"['kommissar', 'inspektoren', 'prüfer', 'inspektor']"
협의,"['konsultation', 'anhörung', 'konsultationen']"
단식,['fasten']
음성,"['rede', 'sprache', 'vortrag', 'negativ', 'stimme', 'gesang', 'ansprache', 'negativen', 'negativer', 'negatives']"
텐트,"['zelten', 'zelt', 'zelte']"
기준,"['kriterien', 'kriterium', 'auswahlkriterien']"
플룻,['flöte']
포함,"['darunter', 'inbegriffen', 'umfassen', 'eingeschlossen', 'einschliesslich', 'enthalten', 'inklusive', 'aufgenommen', 'beinhalten', 'einschließen', 'enthält', 'einschließlich', 'beinhaltet', 'umfasst']"
리무진,"['limousinen', 'limousine']"
패턴,"['mustern', 'muster']"
영화,"['kinos', 'folien', 'film', 'spielfilm', 'kino', 'filme', 'filmen', 'kinofilm']"
억제제,"['hemmung', 'hemmer', 'inhibitoren']"
대장,['doppelpunkt']
템포,"['geschwindigkeit', 'rhythmus']"
셔터,['blende']
그램,['gramm']
유탄,['granate']
사본,"['handschrift', 'kopie', 'abschrift', 'manuskripte', 'manuskript', 'kopieren', 'exemplare', 'kopien']"
배우,"['schauspieler', 'schauspielerinnen', 'darsteller', 'schauspielerin', 'akteure', 'akteur']"
스탠바이,"['bereithalten', 'bereitschaft']"
응용,"['beantragte', 'angewandt', 'angewendet', 'angewandte']"
계층,"['hierarchie', 'schichtung', 'hierarchische', 'ebene', 'rangordnung', 'hierarchischen', 'schicht', 'hierarchisch', 'hierarchien']"
인스트루먼트,"['instrumente', 'messgeräte']"
특기,"['fachgebiete', 'spezialitäten']"
논증,"['argumente', 'streit']"
소지,"['besitz', 'besitzes', 'besessenheit']"
수익,"['gewinne', 'gewinn', 'ausbeute', 'ergebnis', 'umsatz', 'einkünfte', 'erlöse', 'einnahmen', 'erträge', 'rendite', 'profite', 'ertrag', 'einkommen']"
재생,"['spielt', 'wiedergeben', 'spiele', 'stücke', 'spielen', 'wiederholen', 'abspielen', 'wiedergabe', 'stück', 'wiederholung', 'spiel']"
개별,"['einzelperson', 'einzel', 'individuell', 'einzelnen', 'individuelle', 'einzeln', 'individuum']"
컨텐츠,"['inhalte', 'gehalt', 'inhalten', 'inhalt']"
다용도,['mehrzweck']
튤립,['tulpen']
다원주의,['pluralismus']
실행,"['start', 'einführung', 'ausführung', 'durchführung', 'starten', 'hinrichten', 'lauf', 'exekution', 'ausführen', 'laufen', 'markteinführung', 'hinrichtung']"
아파트,"['ferienwohnungen', 'ferienwohnung', 'wohnungen', 'wohnung']"
모금,['spendenaktion']
농장,"['hof', 'bauernhöfe', 'höfe', 'bauernhaus', 'bauernhof', 'betriebe', 'landgut', 'landwirtschaft', 'ackerbau']"
상처,"['wunde', 'wunden']"
렌즈,"['kontaktlinsen', 'objektive', 'linse', 'objektiven', 'objektiv', 'linsen']"
토이,"['spielzeug', 'spielzeuge', 'spielwaren']"
성단,"['anhäufung', 'schwarm']"
사랑,"['lieben', 'liebste', 'liebes', 'liebe']"
귀걸이,"['ohrringe', 'ohrring']"
악기,"['instrumente', 'urkunde', 'messgeräte']"
베테랑,['veteranen']
소성,['plastizität']
초록,"['grüne', 'grün', 'grünen']"
교정,"['klammern', 'korrigiert', 'korrigieren', 'kalibrierung', 'berichtigung', 'berichtigte', 'korrektur', 'kalibrieren', 'korrigierte', 'berichtigt']"
대부분,"['meistens', 'hauptsächlich', 'überwiegend', 'meist', 'meisten', 'größtenteils']"
벚나무,['kirsche']
기초,"['grundlegendes', 'grundlegenden', 'grundlage', 'grundlegende']"
단말기,"['vorrichtung', 'gerät']"
프레스,"['drücken', 'pressemitteilungen', 'presse']"
재앙,"['katastrophe', 'desaster', 'katastrophen']"
초록색,"['grüne', 'grün', 'grünen']"
키드,"['junge', 'kind']"
대사관,"['botschaften', 'konsulate', 'botschaft']"
정직,"['aufrichtigkeit', 'ehrlichkeit', 'ehrlichen', 'aufrichtig', 'ehrliche', 'ehrlich']"
오두막,"['hütte', 'ferienhäuser', 'ferienhaus', 'häuschen', 'kabinen', 'kabine', 'landhaus']"
자리,"['sitzplatz', 'sitzplätze', 'sitz', 'plätze', 'sitze']"
착용,"['verschleiß', 'tragbare', 'tragbar', 'tragen']"
섭취,"['einnahme', 'zufuhr', 'nahrungsaufnahme']"
추위,"['kalte', 'erkältung', 'kalt', 'kälte']"
정보학,"['datenverarbeitung', 'informatik']"
학년,"['besoldungsgruppe', 'klasse', 'grad']"
비어,"['leeres', 'leer', 'leerer', 'leere', 'leeren']"
그라운드,"['boden', 'erdboden', 'erdgeschoss', 'gemahlen']"
미식,"['küche', 'kochen', 'gastronomie', 'feinschmecker']"
개요,"['übersicht', 'überblick']"
발발,"['fuss', 'fuß', 'füße', 'füsse', 'füssen']"
에스트로겐,['östrogen']
대학생,"['kollegium', 'hochschule']"
지침,"['anleitung', 'anweisungen', 'hinweise', 'instruktionen', 'richtlinien', 'leitsätze', 'anleitungen', 'leitlinien']"
집주인,"['vermieterin', 'vermieter']"
개시,['einleitung']
지각,"['spät', 'erkenntnis', 'späte', 'wahrnehmung']"
빨간색,"['roten', 'rot', 'rotwein', 'rote']"
북서쪽,"['nordwesten', 'nordwest']"
단추,"['schaltflächen', 'knöpfen', 'schaltfläche', 'tasten', 'knöpfe', 'knopf', 'taste']"
팔레트,['paletten']
이분법,['dichotomie']
그릇,"['schüssel', 'schalen', 'schale', 'schüsseln']"
비즈니스,"['unternehmen', 'geschäftlich', 'wirtschaft', 'geschäfte', 'geschäft']"
포켓,['tasche']
무용수,"['tänzerinnen', 'tänzer']"
배틀,"['kampf', 'gefecht', 'schlacht']"
비행,"['flüge', 'fliegen', 'flug', 'flugverbindungen', 'fliegende']"
엘리베이터,"['lift', 'aufzügen', 'aufzüge', 'fahrstuhl', 'aufzug']"
무명,['namenlosen']
치명적,"['tödliche', 'tödlicher', 'tödlich', 'lebensgefahr', 'tödlichen']"
조정,"['berichtigungen', 'anpassungen', 'berichtigung', 'anpassung', 'anpassen']"
경고,"['warnungen', 'warne', 'warnung', 'warnhinweis', 'wachsam', 'achtung', 'vorsichtig', 'alarm', 'warnt', 'vorsicht', 'warnen', 'ausschreibung', 'warnhinweise']"
남쪽,"['süd', 'süden', 'südlich']"
잠재,"['mögliche', 'potentielle', 'latente', 'potenzial']"
제공자,"['versorger', 'dienstleister', 'anbieter']"
지질학,"['geologen', 'geologie', 'geologische', 'geologischen', 'geologe']"
신입생,['erstsemester']
소화,"['verdaut', 'verdauung', 'kompendium', 'verdauen', 'nachschlagewerk']"
두루미,"['kräne', 'kran']"
의심,"['zweifelhafte', 'misstrauen', 'verdacht', 'bedenken', 'fraglich', 'vermutet', 'verdächtig', 'verdächtige', 'verdächtigen', 'bezweifeln', 'zweifelhaft', 'vermutete', 'verdächtiger', 'zweifel', 'zweifeln', 'bezweifle', 'misstrauisch', 'verdächtigt']"
체조,['gymnastik']
자라,"['wachsen', 'wächst', 'anbauen']"
민주화,"['demokratie', 'demokratisierung']"
전리품,"['plündern', 'hintern', 'plünderungen', 'verwöhnt', 'beute', 'plünderung', 'verdirbt']"
데스,"['tode', 'todes', 'todesstrafe', 'tod']"
소울,"['seele', 'seelen']"
스쿼드,"['kader', 'einheit']"
저주,"['verflucht', 'flüche', 'fluchen', 'verfluchen', 'verfluchte', 'fluch', 'verfluchten']"
마이크로,"['mikro', 'mikrofone', 'mikroorganismen', 'kleinstunternehmen', 'mikrophon', 'mikrofon']"
솔로,"['allein', 'alleine']"
희귀,"['seltenes', 'seltener', 'seltenheit', 'seltene', 'selten']"
사양,"['vorschriften', 'spezifikation', 'spezifizierung', 'spezifikationen']"
스테이션,"['tankstellen', 'stationen', 'bahnhöfe', 'haltestellen']"
고전주의,"['klassisch', 'klassik', 'klassizismus', 'klassische', 'klassiker', 'klassischen']"
재정,"['finanzierung', 'finanzen', 'finanzierungen', 'finanzwesen', 'finanziell']"
안내서,"['reiseführer', 'leitfaden', 'handbuch', 'ratgeber', 'führer']"
징후,"['anwendungsgebiete', 'indikationen', 'indikation']"
쇼케이스,"['schaufenster', 'präsentieren']"
인터랙티브,"['interaktives', 'interaktiver', 'interaktiv', 'interaktive', 'interaktiven']"
연구자,"['forscher', 'forscherinnen', 'wissenschaftlerin', 'wissenschaftler']"
외교관,['diplomaten']
소환,"['klingel', 'klingeln', 'ladung', 'gerufen', 'vorladung', 'läuten']"
질환,"['krankheiten', 'erkrankungen', 'krankheit', 'erkrankung', 'seuche']"
박탈,"['berauben', 'widerruf', 'widerrufen']"
우울,"['deprimiert', 'depressiv', 'depressionen', 'melancholie']"
모퉁이,"['ecke', 'ecken', 'eck']"
맥주,"['brauereien', 'biergarten', 'brauerei', 'bier', 'biere']"
갈색,"['dunkelbraun', 'braun', 'braune']"
대시,"['bindestriche', 'armaturenbrett', 'strichen', 'strich', 'striche', 'gedankenstrich', 'bindestrich']"
콘테스트,"['wettkampf', 'wettbewerb', 'gewinnspiel', 'wettbewerbe', 'wettbewerben', 'wettkämpfe']"
안보,"['sicherheits', 'sicherheitspolitik', 'sicherheit']"
현미경,"['mikroskopie', 'mikroskop']"
디렉터,"['direktor', 'regisseurin', 'direktorin', 'leitung']"
대류,['konvektion']
청년,"['jugendlichen', 'jugend', 'jugendliche']"
위층,"['obergeschoss', 'oben']"
즐거움,"['freuden', 'genuss', 'freude', 'geniessen', 'vergnügen', 'genießen', 'unterhaltsam', 'angenehm']"
주차,"['geparkt', 'parkmöglichkeiten', 'parkplatz', 'tiefgarage', 'parkplätze']"
팝스,['pop']
올빼미,"['eulen', 'eule']"
난이도,"['schwierigkeitsgrad', 'schwierigkeit', 'schwierigkeiten']"
생계,"['lebensunterhalt', 'lebensgrundlage']"
패스,"['vergehen', 'bestanden', 'übergeben', 'weitergeben']"
갑옷,"['rüstung', 'rüstungen']"
손상,"['beschädigung', 'beschädigte', 'beschädigt', 'geschädigt', 'schädigung', 'schaden', 'schäden']"
오늘,"['heute', 'heutigen', 'heutige']"
목걸이,"['halsband', 'kette', 'halsketten', 'halskette']"
사각형,"['quadratisch', 'rechteck', 'rechteckigen', 'rechteckig', 'quadrat', 'platz', 'rechteckige']"
타악기,['schlagzeug']
수출,"['exporte', 'exportieren', 'ausfuhr', 'exportiert', 'ausfuhren']"
말투,['akzent']
유도탄,"['flugkörper', 'rakete']"
전시,"['ausstellung', 'ausstellen']"
집안,"['haushalt', 'haushalte', 'haushalts', 'haushaltsgeräte']"
저자,"['autoren', 'verfasser', 'schriftsteller', 'autor', 'autorin']"
메일,['post']
마법사,"['assistent', 'magier', 'assistenten', 'zauberer']"
세로,"['porträts', 'senkrecht', 'vertikale', 'porträt', 'vertikalen', 'senkrechte', 'vertikal']"
비행선,['luftschiff']
석류,"['granatäpfel', 'granatapfel']"
고집,['stur']
합법,"['legalität', 'legitimierung', 'zulässigkeit', 'legitimität', 'rechtmäßigkeit', 'legitimation']"
원숭이,"['affen', 'affe']"
천정,"['haube', 'baldachin', 'zenit']"
충전,"['gebühr', 'aufladen', 'aufladung']"
야채,"['pflanzliche', 'pflanzlichen', 'gemüse']"
트랜스,['transeuropäischen']
메탈,"['metall', 'metallverarbeitung', 'metallbearbeitung', 'metalle']"
죄책감,"['schuldgefühle', 'schuld']"
웨이팅,"['weg', 'weise']"
딱지,['schorf']
독일인,"['deutscher', 'deutschen', 'deutsche', 'deutsch']"
부어,"['anschwellen', 'geschwollen', 'schwellungen', 'schwellung']"
귀족,"['edle', 'aristokratie', 'edlen', 'adel', 'edler', 'adligen', 'aristokratische', 'edel']"
조종,"['manipulieren', 'manipuliert']"
모기지,"['hypotheken', 'hypothek']"
교장,['schulleiter']
코카콜라,"['kokain', 'koks', 'kokerei', 'cola']"
방침,"['politik', 'richtlinien']"
결승,"['abschlussprüfung', 'endrunde', 'endspiel', 'finale']"
비스킷,"['gebäck', 'keks', 'plätzchen', 'kekse']"
모자,"['hüten', 'hut', 'kappe', 'hüte', 'mütze', 'mützen']"
사서함,"['briefkästen', 'briefkasten', 'postfach']"
달러,"['dollar', 'dollars']"
챔피언스,['meister']
리그,"['ligen', 'liga']"
모기,"['mücken', 'mücke']"
임펄스,['impuls']
기사도,['ritterlichkeit']
감정,"['emotion', 'gefühle', 'emotionale', 'emotionalen', 'emotionaler', 'gefühl', 'gefühlen', 'emotionen']"
럭셔리,"['luxuriös', 'luxushotels', 'luxuriöse', 'luxushotel', 'luxus']"
의존,"['abhängigkeit', 'abhängigkeiten']"
트레이드,"['handel', 'warenverkehr', 'außenhandel']"
전시회,"['ausstellungen', 'ausstellung', 'messen', 'exponate', 'messezentrum', 'ausstellen', 'messegelände']"
대략,"['annähernd', 'über', 'etwa', 'ungefähr']"
오리엔테이션,"['orientierung', 'ausrichtung']"
근절,"['beseitigen', 'ausrottung', 'auslöschen']"
아래,"['darunter', 'unterer', 'unterhalb', 'unten', 'unterseite']"
면제,"['verzicht', 'befreit']"
섬광,['blendung']
도전,"['herausforderungen', 'herausforderung']"
베리,['beeren']
주먹,"['fäuste', 'faust']"
대마초,['hanf']
커플,"['paar', 'paare', 'pärchen', 'ehepaar', 'paaren']"
활성,"['aktiven', 'aktiver', 'aktive', 'aktiv', 'wirkstoffe']"
왈츠,['walzer']
밝기,['helligkeit']
여성,"['frauen', 'weib', 'frau', 'weibliche', 'hündinnen', 'weibchen', 'weiblich']"
발효,['gärung']
장난꾸러기,"['unanständig', 'boshaft', 'frech', 'verspielt']"
관측자,"['beobachtern', 'beobachter']"
미터,"['messgeräte', 'zähler', 'metern', 'messgerät', 'meter']"
태반,['plazenta']
기분,"['stimmung', 'fühlen', 'gefühle', 'stimmungen', 'spüren', 'gelaunt', 'laune', 'gefühl', 'fühle']"
스토리텔링,"['erzählung', 'geschichten']"
보람,"['belohnen', 'lohnend']"
저작권자,"['urheberrechts', 'urheber', 'urheberrecht', 'urheberrechte']"
상주,"['wohnhaft', 'wohnsitz', 'ansässig']"
파일,"['akten', 'datei', 'dateien']"
도서관,"['bücherei', 'bibliothek', 'bibliotheken']"
권위주의,"['autoritären', 'autoritäre', 'autoritarismus']"
양귀비,['mohn']
달리기,"['läuft', 'rennt', 'läufer', 'lauf', 'ausführen', 'laufen']"
튜토리얼,"['schulung', 'übungen', 'anleitung', 'lehrgang', 'anleitungen']"
이슈,"['ausgabe', 'thema', 'heft', 'probleme', 'themen']"
헤센,['hessen']
가능,"['mögliche', 'möglicher', 'möglichen', 'möglich']"
텍스트,['texte']
사무실,"['niederlassungen', 'niederlassung', 'geschäftsstelle', 'büros', 'büro', 'amt', 'büroräume']"
일러스트레이터,['zeichner']
호랑이,['tiger']
모세,"['musa', 'mose']"
물리,"['physik', 'physiker', 'physischen', 'körperlich', 'physische', 'physischer', 'physisch', 'körperliche']"
피크닉,['picknick']
배설,['ausscheidung']
즉석,"['augenblick', 'augenblicklich', 'sofort']"
엔딩,"['endet', 'enden', 'ende']"
콜라,"['kokain', 'koks', 'kokerei', 'cola']"
질량,"['masse', 'massen']"
번역기,"['übersetzen', 'übersetzer', 'übersetzungen', 'dolmetscher', 'übersetzung', 'übersetzerin']"
심문,"['abfrage', 'befragen', 'verhör', 'befragung', 'vernehmung', 'verhören']"
품질,"['qualitätssicherung', 'qualität', 'qualitätskontrolle']"
멜로디,"['melodien', 'melodie']"
방출,"['emissions', 'emissionen']"
양심,"['bewußtsein', 'bewusstsein', 'gewissen', 'gewissens']"
신혼여행,"['flitterwochen', 'hochzeitsreise']"
알루미늄,"['aluminium', 'alu']"
모바일,"['mobilfunk', 'mobilgeräte', 'handys', 'beweglich', 'mobil']"
가든,"['garten', 'gartenanlage', 'gartens']"
암살,"['mörder', 'attentate', 'ermorden', 'attentäter', 'mörderin', 'ermordung', 'mord', 'attentat', 'anschlag', 'ermordet', 'killer']"
단자,"['anschluss', 'steckverbinder', 'stecker']"
중독자,"['abhängig', 'abhängige', 'süchtig']"
동성애,['homosexualität']
도메인,"['bereich', 'domänen', 'bereiche', 'domäne', 'domain']"
문명,"['kulturen', 'zivilisation', 'kulturgeschichte', 'zivilisationen', 'kultur']"
입원,['krankenhausaufenthalt']
고조,"['erhöhte', 'gesteigerte', 'erhöht', 'erhöhter']"
방해,['unterbrechen']
파랑새,['blauer']
모뎀,['modem']
특별,"['spezial', 'spezielle', 'besonderes', 'spezielles', 'besondere']"
아몬드,"['mandel', 'mandeln']"
설문,"['meinungsumfragen', 'wahlen', 'befragungen', 'umfragen', 'meinungsumfrage', 'umfrage']"
순환,"['zyklen', 'zyklus', 'rundschreiben', 'kreislauf', 'zirkulation', 'durchblutung', 'auflage', 'umlauf', 'runden']"
제트기,['düsen']
재해,"['desaster', 'katastrophe', 'naturkatastrophen', 'katastrophenhilfe', 'katastrophen']"
사전,"['wörterbuch', 'wörterbücher']"
세탁기,['waschmaschine']
약혼녀,"['verlobte', 'verlobten']"
재판,"['studien', 'prozess', 'versuche', 'prozesse', 'testversion', 'verhandlung']"
실루엣,"['silhouetten', 'umrisse']"
가시나무,"['dorn', 'stachel']"
숙제,"['hausarbeit', 'heimarbeit', 'hausaufgaben']"
주기,"['zyklen', 'zeit', 'zyklus', 'zeitabschnitt', 'zeitraum', 'periode', 'kreislauf']"
그레이,"['graue', 'grau', 'grauen']"
채권자,"['gläubigern', 'gläubiger', 'kreditgeber']"
짝꿍,"['kamerad', 'paaren', 'kumpel']"
스토킹,['verfolger']
산화물,['oxid']
드라이브,"['fahren', 'antriebe', 'antriebstechnik', 'laufwerke', 'laufwerk', 'fährt', 'antrieb']"
협회,"['vereinigung', 'verbänden', 'assoziationen', 'vereinigungen', 'assoziation', 'vereine', 'verband', 'verein', 'verbände']"
지하철,['metrostation']
혼자,"['allein', 'alleine']"
세일러,"['seemann', 'matrosen', 'seefahrer', 'segler']"
헌신,"['verpflichtung', 'widmet', 'engagierten', 'hingabe', 'widmen', 'frömmigkeit', 'gewidmet', 'engagiert', 'zusage', 'ergebenheit', 'verehrung', 'geweiht', 'widmung', 'engagement', 'einweihung']"
멘토,['mentoren']
십자군,"['kreuzritter', 'kreuzzug', 'kreuzzüge']"
가운데,"['mittlerer', 'mittig', 'zentriert', 'mitte', 'mittlere', 'nahen']"
후보,"['benennungen', 'kandidaturen', 'anwärter', 'kandidaten', 'kandidat', 'beitrittskandidaten', 'bewerber', 'nominierungen', 'ernennungen']"
원주민,"['eingeborenen', 'einheimische', 'einheimischen', 'ureinwohner']"
소유,"['eigenen', 'eigene', 'gehört', 'eigenes', 'eigener']"
아날로그,"['analog', 'analogen', 'analoge', 'analoger']"
댄서,"['tänzerinnen', 'tänzerin', 'tänzer']"
입술,"['lippe', 'lippen']"
전치사,['präposition']
구조물,"['bauwerke', 'struktur', 'strukturen', 'gliederung', 'aufbau']"
출발,"['abfahrt', 'abflug', 'aufbruch', 'abweichen', 'abgang', 'abreise', 'abfahren']"
신념,"['überzeugung', 'vertrauen', 'glaubens', 'überzeugungen', 'ansichten', 'glaube', 'glauben']"
외할머니,"['oma', 'großmutter']"
축소,"['schrumpfen', 'schrumpft', 'reduzierung', 'zusammenbruch', 'reduzieren', 'psychiater', 'vergrößern', 'vergrößerung', 'verringern', 'verkleinern', 'zoomen', 'zusammenbrechen', 'einsturz', 'senken', 'kollaps', 'zusammenbricht']"
공존,"['koexistenz', 'zusammenleben']"
대구,"['kabeljau', 'csb']"
턱시도,['kiefer']
변속기,"['getriebe', 'weiterleitung', 'übertragung', 'übermittlung']"
은행,"['kreditinstitute', 'bankwesen', 'bankgeschäft', 'banken', 'bankgeschäfte']"
오븐,"['ofen', 'backofen']"
머스켓,['muskete']
프리랜서,"['freiberufliche', 'freiberufler', 'selbstständig']"
통신사,"['netzbetreiber', 'träger', 'fluggesellschaft']"
양식,"['vordruck', 'formulare', 'formular', 'formen']"
안식일,['sabbat']
다이버,['taucher']
장갑,"['handschuh', 'handschuhe']"
건너편,['quer']
캠핑,"['campingplatz', 'zelten', 'campingplätze']"
인도,"['indianer', 'indischen', 'indien', 'indischer', 'indische']"
산부인과,['geburtshilfe']
원조,"['hilfe', 'beihilfe', 'unterstützung', 'beihilfen', 'assistenz', 'hilfeleistung']"
이사회,"['vorstand', 'verwaltungsrat', 'aufsichtsrat', 'verpflegung']"
규정,"['vorschriften', 'regeln', 'verordnungen', 'verordnung', 'regelungen', 'bestimmungen', 'regulierung', 'regelung']"
간식,"['imbiss', 'snack']"
청량,"['sanft', 'weich', 'weicher', 'weiche']"
공산주의,['kommunismus']
모델링,"['modellieren', 'modellierung']"
구축함,['zerstörer']
프렌즈,"['freundinnen', 'freunde', 'freundeskreis', 'freunden']"
퍼센트,"['prozentsatz', 'anteil', 'prozentuale', 'prozent']"
접수,"['rezeption', 'empfang']"
플레인,['fackel']
스파크,['funken']
친척,"['verwandte', 'angehörigen', 'angehörige', 'verwandten', 'relativer', 'verwandtschaft', 'relativ']"
파울,['paulus']
직감,['gespür']
공책,"['notebook', 'hefte', 'notizbuch', 'heft']"
모터,"['kraftfahrzeug', 'kraftfahrzeuge']"
포옹,"['umarmung', 'umarmen', 'umarmt', 'umarmungen']"
샌디,"['sandstrand', 'sandstrände', 'sandstränden']"
전하,['gebühr']
원뿔,['kegel']
스왑,"['tausch', 'austauschen', 'tauschen', 'tausche']"
소실,['verschwinden']
만찬,"['abendbrot', 'abendessen']"
수박,"['wassermelonen', 'melone']"
태아,"['fötus', 'fetalen', 'föten']"
조이,"['lebensfreude', 'freude']"
가정교사,"['gouvernante', 'lehrerin', 'lehrer', 'tutoren', 'nachhilfe']"
포클랜드,['falklandinseln']
제한,"['restriktionen', 'beschränkungen', 'einschränkung', 'begrenzungen', 'einschränken', 'grenzwerte', 'grenze', 'beschränkung', 'begrenzen', 'grenzwert', 'grenzen', 'beschränken', 'einschränkungen', 'begrenzung']"
메뚜기,"['grashüpfer', 'heuschrecken']"
입찰,"['gebot', 'geboten', 'biete', 'gebote']"
낙지,"['tintenfisch', 'oktopus']"
공업,"['industrielle', 'industriell', 'industrieanlagen', 'industriellen', 'industrie']"
낭만,"['romantische', 'romantisches', 'romantisch', 'romantik', 'romantischen']"
계몽주의,"['aufklärung', 'erleuchtung']"
컨트리,['land']
절개,"['einschnitt', 'anschneiden', 'schnitt']"
상태,"['status', 'mitgliedstaat', 'bundesstaat', 'zustand', 'staat', 'bundesland']"
블런트,['stumpf']
피해자,"['unfallopfer', 'opfern', 'opfer']"
사육,"['zucht', 'züchtung', 'züchten', 'fortpflanzung', 'aufzucht']"
무역,"['handel', 'warenverkehr', 'außenhandel', 'handelspartner']"
상실,"['verluste', 'verlust']"
증언,"['zeugin', 'zeugnis', 'zeugenaussagen', 'zeugenaussage', 'bezeugen', 'aussagen', 'zeugen', 'aussage', 'zeuge']"
양털,"['woll', 'wolle']"
로지스틱,"['logistische', 'logistik']"
가이드북,['reiseführer']
미식축구,"['fußball', 'fußballspiel', 'fussball']"
보이,"['junge', 'jungen']"
고름,['eiter']
융합,"['kernfusion', 'schmelzen', 'geschmolzen', 'verschmelzung', 'verschmolzen']"
전송,"['versendet', 'verlegung', 'senden', 'überweisungen', 'gesendet', 'übertragung', 'schick', 'übermittlung', 'versandt', 'versenden', 'weiterleitung', 'übertragungen', 'verschickt', 'geschickt', 'schicken', 'abschicken', 'übertragen', 'getriebe', 'überweisung']"
견본,"['stichproben', 'probe', 'beispiele', 'muster', 'stichprobe', 'beispiel', 'proben', 'exemplar']"
연대기,"['chronologie', 'chronologisch', 'chroniken', 'chronik']"
체력,"['ausdauer', 'kraft', 'gesundheitsschutz', 'kräfte', 'gesundheitswesen', 'festigkeit', 'kondition', 'stärke', 'gesundheit']"
방위,"['verteidigungspolitik', 'verteidigungsministerium', 'abwehr', 'selbstverteidigung', 'verteidigung']"
보존,"['aufbewahrung', 'konservierung', 'naturschutz', 'erhaltung', 'bewahrung', 'bewahren', 'umweltschutz']"
굴뚝,"['kamin', 'schornstein', 'schornsteine']"
의학,"['arzt', 'medikament', 'arzneimittel', 'medizinische', 'medikamente', 'medizinisch', 'medizin', 'medizintechnik']"
허무주의,['nihilismus']
자원봉사자,"['freiwilligenarbeit', 'helfer', 'ehrenamtliche', 'freiwillige', 'freiwilligen', 'ehrenamtlich', 'freiwilliger', 'freiwillig']"
임상,"['klinische', 'klinischer', 'klinischen', 'klinisch']"
살균,"['unfruchtbar', 'sterilen', 'sterilisation']"
다면체,['polyeder']
단검,['dolch']
학술,"['tagebuch', 'akademiker', 'akademischen', 'akademisches', 'akademischer', 'akademische', 'zeitschrift', 'fachzeitschrift']"
서양인,['westliche']
쉬어,"['ausruhen', 'übrige', 'ruhe']"
정보,"['infos', 'informationen', 'auskunft']"
부화,"['schlüpfen', 'geschlüpft']"
번역자,"['dolmetscher', 'übersetzer', 'übersetzerin']"
스트리트,"['strassen', 'straße', 'straßen', 'strasse']"
적용,"['gilt', 'beantragen', 'bewerben', 'gelten', 'anwenden']"
연애,"['verhältnis', 'verabredungen', 'ausgehen', 'romantisches', 'beziehung', 'romantik', 'romanze', 'beziehungen', 'partnersuche', 'relationen']"
오르간,['orgel']
정찰,"['erkundung', 'aufklärung']"
배경,"['hintergrund', 'vorgeschichte', 'hintergründe', 'hintergrundinformationen']"
매주,"['woche', 'wöchentlichen', 'wochen', 'wöchentlich', 'wöchentliche']"
조산,"['vorzeitiger', 'verfrüht', 'vorzeitig', 'vorzeitige']"
완두콩,['erbse']
거대,"['giganten', 'gewaltig', 'riesigen', 'riesige', 'riesiger', 'riese', 'riesen', 'riesig']"
이메일,['emailadresse']
비행기,"['flugzeuge', 'flug', 'flugzeug']"
조롱,"['spott', 'hohn']"
족제비,['wiesel']
신청,"['gelten', 'beantragen', 'bewerben', 'anwenden']"
이후,"['seit', 'seitdem']"
화이팅,"['dienstags', 'dienstag']"
상점,"['filialen', 'geschäften', 'einkaufsmöglichkeiten', 'laden', 'läden', 'einkaufen', 'geschäfte', 'geschäft', 'speichern']"
허가서,"['konzession', 'lizenz', 'lizenzen', 'führerschein']"
헤더,"['überschriften', 'header', 'kopfzeile', 'heide', 'überschrift']"
소방관,"['feuerwehrmann', 'feuerwehr']"
항만,"['hafens', 'hafen']"
해석학,"['analysen', 'analytik', 'analyse', 'auswertung', 'analytische', 'analytischen']"
사용법,"['verwendung', 'nutzung', 'gebrauch', 'einsatz', 'benutzung']"
민족,"['völkern', 'völker', 'bevölkerungen']"
불편,"['unwohl', 'unangenehm', 'unannehmlichkeiten', 'lästig', 'unbequem']"
파이프,"['röhre', 'pfeifen', 'pfeife', 'leitungen', 'rohr', 'rohre', 'rohrleitungen', 'röhren']"
천연,"['natürliche', 'natürlichen', 'natürliches', 'natürlicher']"
화가,"['sauer', 'verärgert', 'wütend', 'maler', 'böse', 'zornig', 'malerin']"
돌연변이,"['mutanten', 'mutationen']"
보안관,"['polizei', 'sheriffs']"
칼럼,"['kolumne', 'stützen', 'spalten', 'säulen', 'säule', 'spalte', 'kolonne']"
난방,"['heizen', 'klimaanlage', 'zentralheizung', 'wärme', 'heizung']"
손수건,"['taschentücher', 'taschentuch']"
좌표계,['koordinaten']
부등식,"['ungleichbehandlung', 'ungleiche', 'ungleichheiten', 'ungleich', 'ungleichheit']"
